"V1","V2","V3","V4"
1,3.50131266903794,1.91847209583922,0.891475455667039
1,4.24466156368839,0.166604858553686,-0.49864119049676
1,3.04163133386677,0.352843952925621,-0.964900559086517
1,5.01935474915719,-0.473702158067908,-1.63835041871182
1,4.44773842184844,1.69610793847003,-0.177760641556659
1,4.90617764788065,-0.666984735679914,1.3856922596502
1,4.01680636940365,0.858627955970838,-0.190158926790182
1,4.69649919648178,0.0755774205362306,0.309633598216786
1,2.98131795060837,-0.241851742843661,0.374758156230814
1,5.00721065765681,-1.7944082649605,-1.81124814640236
1,4.88247103773692,-0.469586252422978,-0.579837820869449
1,3.89203382187368,0.533425827892837,-1.78627642874606
1,3.73417154059819,-1.56470686394419,-0.359069120182046
1,4.37675340322306,0.777807747240838,1.36401550163912
1,5.11878278831402,-1.13356202940368,0.0500567724520546
1,4.16966191363932,0.140709833218842,1.36516028202042
1,4.95985944948961,0.0941086573212548,-1.44647574002063
1,2.81315749562564,0.867649184569757,-0.959387903975551
1,3.92976486061165,-0.585777666501476,-0.193047983346689
1,3.53806645640744,0.640899538436769,0.555216233002943
1,4.5059712170965,1.71994129575678,-0.707073537688087
1,4.26690731120554,0.926748197081334,1.33868192234081
1,4.49817664988636,-2.35471126621016,-0.181922906204108
1,3.92172384473194,-0.327636693633347,0.940768680385465
1,3.69075117000722,-0.191369614138938,0.324399680812474
1,5.7796445631094,1.9125463055257,0.38335321706656
1,3.23634746236028,-0.399967543941124,-0.541449776214737
1,5.28367135046037,0.6088135985268,1.53431369611239
1,5.12410235389663,0.929979724681078,0.542450032263561
1,3.54967923658206,0.339972308976315,-0.0457515675891145
1,6.12101624425232,0.761570841277699,0.204028554313534
1,4.65094437230133,1.29405978739004,-0.128386399543186
1,6.52375701035866,-0.15982752361633,-1.333012893257
1,2.09619619818124,0.550428514868502,-0.133686612755948
1,4.24836929993536,-0.595217500008364,1.40880462233228
1,3.62525620936137,0.532891429730697,-1.1740315333221
1,3.49331728482797,0.104683664511447,0.027261593201144
1,3.25727482871041,1.74600989666269,-0.313279500272348
1,3.88154075244013,-1.43599833279846,-0.258749947131004
1,3.51179887253879,-0.162731887042545,0.0457862186905411
1,4.347071057743,-0.386451960629719,-0.818954992480853
1,5.41048094234614,-2.43892006754249,-0.240447340978303
1,3.57284937865939,-0.90756263845805,-0.671442283130704
1,5.20157416797125,-0.420479715837131,-1.81105247574009
1,4.00322297800541,0.554089449325839,0.832532337838125
1,5.57991724750673,0.619788350035385,-0.176563059245585
1,3.84016112364322,2.3730530134354,0.79963395320202
1,3.71200172826551,-1.53468695356637,-0.521257744627602
1,4.78820328599731,0.34929309537743,0.383277687295016
1,5.4499755144188,0.328267760168279,0.114209754802181
1,4.78080958102476,-1.03589870029572,0.100978985337162
1,4.89649851899141,-0.374925069877547,-0.0427069597520348
1,4.03765247017045,-1.76724436649798,-1.73158748310345
1,6.10580578451242,-0.285393506394416,-0.50115574884893
1,5.20647025248306,0.00463853006486316,1.57637387089744
1,4.03780833289679,3.84229930283591,-0.0860441295243918
1,3.73419755495107,-1.25884568198072,0.576011629295241
1,5.12930687888175,-1.15724642519517,0.983597587623669
1,3.40939425577563,0.322911615963253,-0.2278396399411
1,3.48592238801292,0.67744275305782,-1.01106839276347
1,5.51066483465679,-1.28547665276608,0.133649885410091
1,3.59694788475988,-0.43124637118806,-1.00331731258145
1,4.10005066779837,1.55434783803448,1.13625365673727
1,3.69378681246317,-0.627409452321368,1.31206687080724
1,5.82873981884256,0.575548947522606,0.337838733329566
1,3.50468855649688,-1.95483739880824,0.711430761468594
1,3.23319267095521,-0.281944137943999,-0.288597686575264
1,2.83670288971923,0.453211788977101,-1.29859731289307
1,4.22514517229066,1.20135409523745,-1.68252784344614
1,3.05804448295067,-1.45417171645503,0.505421453476406
1,3.52947778981819,0.911389946117444,1.30396149928353
1,6.12988625987835,-0.587828030112016,-1.83732392695212
1,4.63211974343079,1.06879373124343,0.992440334560417
1,4.71264767643072,-1.23703769771781,0.1851607848184
1,4.70054804367723,-0.366999991819163,-1.2071431831076
1,4.75478727074089,-1.12256346613477,-0.155839104270941
1,3.86989290058563,1.13964608651438,-0.367640649654782
1,2.22932893387365,-0.405328775841426,-0.724226150032633
1,1.48542584362372,-1.11636652163907,1.34185307603633
1,3.16050106061293,0.559329447349216,1.73623230500092
1,4.67018564355313,0.0224539226409374,1.22752538567848
1,4.69068695300321,-0.503144231513565,0.250327944765164
1,4.77838673584983,2.11908871301839,-0.907948326185872
1,3.68149422893762,-0.350305233958484,-0.0944999003167526
1,1.92184457936914,0.573558721126802,-0.479781464749232
1,3.91305239489822,-1.10096639913712,-1.1245853454694
1,5.03478929276781,-1.1764119159754,0.499360283518778
1,3.80456957664916,0.162341887284219,0.100345804843008
1,3.86728385203144,-1.08323936580112,0.436864157876981
1,3.68696233381875,-0.905289185768275,0.0939169705042035
1,3.38170380806827,0.279026887536028,-2.19403084126415
1,3.22880852235951,-0.103367048817444,0.814064053285793
1,5.28028905235078,-0.562084164294241,0.566246998576446
1,3.95827210154621,-1.04900439417191,3.38828400561659
1,2.77995913050389,1.1645984978956,0.428682081507737
1,3.93091895069876,0.870861036346195,-0.993250575601409
1,3.97380345021208,-0.0472534250170376,-0.170459788565325
1,4.4177612810609,-1.17391717126359,0.250719656445331
1,4.132917462498,0.683347999054603,0.159623267937435
1,3.73735235619674,0.533066180144707,0.966438703242363
1,2.94934308206876,0.0362779709323005,0.209124785863639
1,3.45854365646225,-1.18380471984349,-1.15545047768998
1,4.7182114136681,0.764853985821004,1.27502385219563
1,4.56824738568219,-0.117860509630144,-0.413030619734098
1,4.78578944403391,0.540117489877242,1.25428917035324
1,3.91974809365723,0.310390366146062,-0.118380854058084
1,3.36685535628139,-0.646413162600329,0.691543457221189
1,3.67537304997272,0.891178900240709,0.65877067284394
1,4.49896564450135,1.25961773062193,-0.265880532609092
1,5.33926158769562,-1.95047606758789,2.07684479378646
1,4.57392026488664,2.38131954967212,0.346980011532693
1,4.56050056746996,-0.129813906133818,0.349696479248107
1,4.42706690026805,-1.42973177650691,1.47785658214783
1,5.02742474516977,0.358059324207761,-0.554931644560663
1,4.05006056811286,-1.67164985601184,-0.632253765969747
1,4.75269584397771,-1.45546984102823,-0.889705553796149
1,2.47174114434165,0.91107849988651,0.795039803577284
1,5.73295030510315,1.1122143449066,-1.55977272167347
1,2.98961304620158,-0.00281568456242983,-0.66411616532763
1,2.97363354658548,-0.871387724156891,0.868915553575294
1,3.78990764764053,-0.685366088778132,-0.304065716537855
1,3.60805177365686,-0.0108312051678379,1.36862208681793
1,4.62105831021897,-1.09523273483547,0.433257909345239
1,3.65085419749387,0.739096050264159,-2.15627434818446
1,4.18262751391359,-1.57774640098411,1.38534589292752
1,2.05517853554599,0.159685152723698,1.07760494576316
1,4.98024124717093,-0.561386924050892,-0.278953651262174
1,6.04645689898225,-0.246461546833095,0.978157064884438
1,1.43655966343346,0.955674856253446,-1.21665179835734
1,5.62230092358573,-0.0316541850618487,0.0258321597854849
1,4.09258658921976,-1.02716877783251,0.696895791131341
1,6.35820419920802,0.69214563870084,0.0191541082545951
1,4.42823123457764,-0.471583616896281,1.03035768268851
1,2.4047988308676,1.94791647491629,1.0187763682505
1,4.22067162946316,0.645294452813879,0.955541928924476
1,5.30206330201853,1.18369197359015,-1.13234378000209
1,3.46758362369947,-0.124788795492528,-0.389589863380628
1,3.02112755535991,1.64404941770408,-1.33274593923652
1,3.27904668854613,-0.130368027723838,-0.0807951597661662
1,4.23476026511255,0.541761943504326,1.94668660766368
1,6.25695669064305,-1.31912977873661,-0.480170274961167
1,3.61768262292951,1.54656954350283,0.815031341847433
1,4.92813267533806,-0.158248071835469,0.0362542814912513
1,4.33070103417627,-0.0463882768813303,1.59119404543563
1,3.90273825469483,-1.58613740102037,0.313312876736077
1,4.93989784552161,1.10578104414389,-1.99004271165458
1,4.02579329312493,-0.342168087648158,-0.350236084973781
1,4.62589923932845,1.01870889910887,-0.591567936064679
1,4.16385531971362,0.439196000652456,0.534998004259067
1,4.96639386862817,0.687037066568121,0.38198045539242
1,4.63493718947329,0.742254655747819,1.45274130597535
1,3.08093954836195,-1.27896006114146,1.25093560652977
1,3.79156482226236,-0.376843446017955,0.182441473796371
1,4.54692320984836,-1.38865278631313,-0.70614494782022
1,4.96264811424836,0.761603356219439,1.61397963797378
1,5.53015920305636,1.44543955838971,0.582916780126418
1,4.07172452789959,-0.353982485157159,-0.0325804135380787
1,3.04962392382662,1.05477629617043,-0.0195080362890527
1,6.13270714692518,-0.672805661461056,0.28167231046126
1,4.87600961587591,-0.602256180695763,-0.238652269517121
1,3.9501893799244,-0.805521025267772,1.05280234985855
1,3.83109706419503,-0.264207319274527,-0.718845482579429
1,3.92622387220501,-2.07870151975241,2.33744771951548
1,5.28240665667399,0.050060110259339,0.922303678849658
1,4.44099159222368,-1.59231675577431,0.778673562098734
1,4.34380969598963,1.05048254583857,0.755264955953438
1,4.2002291774219,-1.03953588996283,0.42537545769783
1,4.23609514710909,1.54503351928841,0.100056547109313
1,3.59383729404351,-0.56490818243976,0.273092254260127
1,3.1689554482113,-1.03604961456977,0.829854429360589
1,5.46626187106327,-0.0944216392070569,0.376791023986365
1,2.5928454661542,-0.480533049330581,-0.456781758215479
1,4.48142842916899,-0.0911768876553298,-0.271073930972992
1,2.87139613385515,-0.445741150647134,0.592687902487232
1,4.72426854273758,-0.447327978969485,0.53511165950623
1,4.31612260587364,0.699726586257549,-0.611986325551911
1,3.98952782117653,0.632109574066488,-0.448279096703828
1,4.25085858697093,0.438239604292906,-0.390859431565645
1,5.66136486925489,1.39498554449052,-0.951378067886435
1,3.97333242193043,-0.40296773568051,0.48759728057083
1,2.57925919994809,-0.430382113472473,-0.522317076105213
1,4.69756272239243,0.851510373641818,1.13435701622977
1,4.06941437768571,-1.10322435511561,-0.286776432863899
1,5.04351623961923,-0.738546708151145,0.319312834736619
1,3.55608105391547,-0.957163411291314,-1.72620497554869
1,4.10694138761901,0.627235397402652,0.138947717342865
1,2.99713957162696,1.55671233725378,1.20596070553891
1,6.0910906823586,-1.05862862597906,-0.379557029816272
1,3.54796564990305,-0.284998149401489,-0.834673009494194
1,4.04738252935929,0.651016128952499,-0.63625832447148
1,4.81252779978266,-0.65958793494376,0.878522306803138
1,5.55166973935338,-0.0131522739265763,-0.0231941256442886
1,2.23214011977792,0.211331118551016,0.420885416458566
1,4.47104320297494,0.538087215411058,-0.319487021596024
1,3.93689437685684,-0.610443774855266,-0.367652907434241
1,4.41703849105598,-0.0880227282935824,1.43974841238372
1,2.16884991383049,0.0390646374721056,0.243431219265332
1,4.1280901930608,1.29428728330287,0.821144511397434
1,5.06506723945767,1.27431893092067,-0.346286649234593
1,1.69861445556809,-1.1072226133228,0.306416423110065
1,4.19843153644672,0.622258859473295,0.232804614461767
1,4.88766536210308,1.19294022703922,-0.142895818287427
1,5.01131858596207,1.96502049753334,0.856812665926395
1,5.18643315956089,0.565764830648059,-0.10877977491401
1,4.55952074579781,-1.23566099435627,-1.03712985878551
1,3.66331506332422,0.284152576685102,1.5760907013648
1,5.5625187703577,0.97444438973379,-0.339020639584297
1,3.23326033675656,-0.607516139350766,-1.35516294843911
1,4.15887994053753,0.368202254798462,-1.15459693817072
1,3.70784497848607,-0.620974257734907,-0.154646180809996
1,3.21080690474721,0.0386244781899283,0.326624382807669
1,6.09246196869042,-0.0240049203922379,-0.357785835960469
1,3.58576919194048,-1.0148343073053,-0.29456185377418
1,4.7731364931354,2.12023659260883,0.233596530318855
1,2.47835127373271,0.539081196068871,1.01210730203399
1,2.43632753973963,2.46890070186243,0.101471261909031
1,3.80450103072926,-0.728890052719147,0.750448235587949
1,3.98367307946669,-0.352175159731463,0.179031891252319
1,4.9705932978476,-0.683400868632884,1.03727994610693
1,5.96256145508106,1.7556480358701,2.12197039338689
1,4.88526592932335,-0.424426120510866,1.32389814813419
1,2.83997623591321,-0.0846242017877695,0.566436885929008
1,5.94904312327574,-1.23377522447453,-0.787607394163608
1,5.77111305940923,-1.40477398560875,0.195176590123477
1,3.3897962282038,-1.96169085436853,1.04330081717035
1,2.81236203324261,-0.868984603709713,-1.2268501570011
1,4.1539641833761,-0.87624791377594,1.13762429514604
1,4.58387226744114,-0.561309542954484,0.671846356936947
1,4.27050418543961,-1.44879518873218,-1.62819005019481
1,4.17527835523422,0.412210435132439,0.82893593092019
1,4.47081996646581,-0.83404075401269,1.17109518806154
1,6.74050362123233,0.178678105985215,-0.377731394048123
1,5.09553878370194,0.676824878176132,1.36485253803404
1,4.32511941710106,0.866297030831088,-1.05232752508257
1,4.11804810586683,0.015651613455085,-1.05970775308779
1,6.40953379271561,-0.251902328161338,1.06942467266921
1,3.80673084624395,-0.327875296617191,-0.0431462365080725
1,3.61513623257447,0.235555659516453,2.86610529809103
1,3.884024926507,-0.0538224046636916,-0.571150438533648
1,4.771097819166,0.604642250543979,0.514055281428732
1,4.29651535704728,0.954245102300871,1.62258270411804
1,2.54120189399535,0.164593568170505,-1.68030472120606
1,3.55523087499789,-1.17150942117269,-1.03079146582671
1,4.62711850245134,-0.402475961170848,-0.341071022989793
1,4.24465712545599,-1.35617856419439,-0.532631789922676
1,2.93843701294291,0.552648237369909,1.19144899058198
1,5.18772244760999,0.522434338682177,-0.135385451468937
1,4.40942197279578,-0.414082426593475,0.875232920748129
1,3.20811283105331,1.87069304216313,1.27432761180453
1,4.10805946913322,1.12309719888141,-0.259989143503843
1,3.74113348627342,0.943759843206695,1.77390996989544
1,4.55823573836855,-0.191932237212907,-0.10218283218176
1,4.1080044884682,-0.430924835646505,-1.72773369316799
1,3.87423082548299,-1.50617195038501,-0.434026916040831
1,4.03238335288582,-0.821093802419747,1.09246215364688
1,2.89400178292741,0.66808785398252,-0.588874887588897
1,3.77596069359744,1.35252326760686,-1.31548044655089
1,3.39406178408032,-1.49812245843927,0.793509264540465
1,6.91884653066666,-1.44233348451237,-0.785205137328586
1,3.91567518981699,-0.044434561059896,-0.0585013251851025
1,5.67721832924348,-1.0650900630092,0.408701062815071
1,5.16641441751366,1.62869359273048,-0.869105074916445
1,4.18476160676696,-0.114077938669884,2.47274892516464
1,5.40537992722449,0.331560951835285,1.52213207650832
1,3.86469434087827,-1.4499957284509,-0.948877995546337
1,5.58709662426564,-1.46046664043019,0.406817627910874
1,4.47565454959883,-1.41431890645858,-0.37684244759855
1,5.93024293835625,-0.864888989982368,1.75729072945286
1,3.48929867504887,1.42826897798024,1.45232380571864
1,4.1453249057111,-0.452835057278935,-0.539286526779408
1,5.10097385410478,1.13746846880015,2.43396782505729
1,4.51323931564976,0.0589328612267811,0.463423582191787
1,4.4542612684972,-0.325160427583598,0.616549349032715
1,4.15808856363689,-1.36300220221927,-0.93187742096412
1,3.59748652431833,-0.525881226878158,0.739732467466061
1,4.35692375573203,1.14646577649456,-0.89320238323604
1,5.91360876193714,-0.0367381047885678,0.599176916491002
1,4.24114467242091,-1.0107914190921,0.0644854545213135
1,4.24087169582935,0.764535788623113,0.624041172145078
1,4.36387789886936,0.786261298892832,-0.532786477730625
1,4.15911629015612,0.893657584148785,0.86524573610418
1,4.62386641238936,-0.151873163450968,-1.40563655495085
1,4.54787435250811,-1.99824205436759,-0.314163208244783
1,3.79120170224869,-0.517770529891883,1.11892433207642
1,3.85970770876387,0.171070214096194,0.116889410182922
1,3.67128699955835,-0.519574197288073,-0.877610929458095
1,4.64236206340786,0.519980461455996,0.502481195905067
1,3.09895214043117,1.39136966652449,-0.496004964728337
1,3.53748151133514,0.595865445193641,-0.778004192185725
1,4.16204315572167,0.834368149584083,-0.313950824004851
1,3.61675675972555,0.684464070824583,-0.843439676107989
1,6.16193364589912,0.638317998161749,-0.383596729370253
1,5.51669824432427,-1.59739518140247,1.07172268967791
1,2.96475420708595,1.32551631634437,-2.32667799788814
1,2.43944560455771,0.518442888713404,0.728672192657825
1,4.69521867620634,2.31994543639428,0.143479719727432
1,5.40500494137104,0.88107291349044,-0.876312604092405
1,4.95908208811892,2.27883528722991,0.748482548713639
1,5.74175181335159,-0.535829788590058,-0.545605672238037
1,5.44789759485083,-0.866578011788711,-0.645374568918719
1,2.81794160576514,-0.962261012662397,0.16842788842437
1,3.22670063340068,-2.35709201653054,-1.7380534507424
1,4.04247018139044,-0.025007453527456,1.9952112676738
1,6.09778260432254,0.194892301257827,-1.43173979103084
1,3.27238596075732,-1.50107906552452,0.0505801177883698
1,5.60755389905005,-0.842264827823169,0.605670352134611
1,3.33027279747604,-0.275773201520109,1.55586200482056
1,3.25694407447319,-0.603715856618105,-0.976182368229485
1,4.40780014448525,-0.72063041982331,2.04513155586688
1,4.50384452554318,0.733011212736517,-0.945136434880439
1,4.63001477415135,-0.317114470754113,-0.0106599393892856
1,4.70479005895998,0.135329957184216,-0.120964186076552
1,3.44752604992633,1.49495094866276,0.357228439156268
1,5.48194280686391,-0.91626787343629,-0.525264693175085
1,3.37301865400965,0.343813644004048,0.491330158712658
1,4.82974995486475,-0.993120742735295,-1.33722653123963
1,3.26806330491112,1.05728847441922,-0.402878210441499
1,3.15521765399343,0.842530411091808,0.368941515126888
1,3.84925500844205,1.95010389285796,-0.00910426049961333
1,2.61376960148076,-0.195736546987616,1.16206190511346
1,5.35188446340074,2.17545152732264,-1.30784089068813
1,3.96091740737746,1.20880833516484,-0.394563431060712
1,4.08607887676238,0.514419667485627,-0.981718508617614
1,1.35435102728313,-1.05031037596208,0.260137652057782
1,3.77855481041026,0.919380439583454,0.612794547476909
1,5.02788065225502,2.0140838039102,1.10279773206211
1,3.29757030919292,-1.11806448801607,-0.77139810698131
1,4.71271209865404,-0.686911411302728,-0.768104712642643
1,4.11253843481546,-0.330649902305517,-0.351407316171636
1,3.94161115659761,-0.46177970284658,0.448028270907529
1,4.00091598559059,0.901923623130924,-0.135945814943492
1,3.57140136576808,0.661508036662877,0.143021568305938
1,4.55551457549713,0.512092633486903,0.301699570239867
1,5.02641951200643,-0.0167632587691805,0.786683178735299
1,3.93235049288502,1.15223364115224,1.29960674371932
1,5.49282413564226,-0.316312412214011,0.169228685935579
1,3.46101481237091,2.24483298817007,-0.992322503595727
1,4.79974229641464,-0.130532837089229,0.598198929791548
1,4.89944125906195,0.697275224064089,2.19290212163605
1,4.80967379859853,0.276279087253392,-1.20189992771357
1,3.38354980092252,-0.924781244568718,-0.0564934400397798
1,3.14295281468446,-3.04358342430041,-1.00001803168656
1,4.65693433974054,1.42634858255015,2.25356431779196
1,3.83798903509058,-1.44861709414591,0.652068660016987
1,4.12059919350077,-0.139116319615274,0.162588177648807
1,5.18395968542683,2.44693942552112,1.2131126537935
1,5.01958269568264,-0.711259778182863,1.48215344702814
1,4.6028473259821,-1.35727998592366,0.29150957492087
1,3.96665283447148,-0.469758240119342,0.0233915454989218
1,5.14244517063673,-0.141198973005035,0.0900244244524519
1,3.62192987381252,0.688576147619612,0.479207050504349
1,5.34597233752743,0.811810366391977,-0.75048941038846
1,5.11212289271222,-0.248853660839532,0.102493560586292
1,2.84070288703483,-1.94081768674781,-0.390364452759771
1,3.38613485064805,0.0350794317925308,-0.681150084487193
1,3.63473417716926,-1.12967169963775,-0.36743837292401
1,4.69929363841502,0.1653860912525,-1.22086715983734
1,1.63950775940839,-0.744700181157319,-0.211279974227038
1,2.87284354263657,0.526285824814265,0.174817652203507
1,4.17029061423167,1.2477906678599,-1.3922135344762
1,4.20114066833277,-0.907224369580164,0.438620199185061
1,6.11916703324492,-0.494115960990249,-1.55753512755057
1,4.79560020507045,0.0894050407066249,-0.996586048840554
1,2.69622369167351,-2.35202784876487,0.869269103087757
1,4.02638356387526,1.68802261809325,1.04597586447689
1,6.61539873100535,1.15675785079526,1.26593731311537
1,2.66825403127834,-0.914913078848019,-0.947981516880362
1,4.02288116978151,-0.0619151437467692,0.5303122661414
1,4.61566556581652,-0.0806037884298683,-0.702219829578374
1,5.62073274112856,-1.20328996926536,-0.12892454951988
1,3.48545805983983,-0.776286380759712,-0.347881041558511
1,4.00525115822692,0.758693539551374,-0.213255557790857
1,3.66156423981607,0.6897316205659,0.442971623672581
1,4.1147709744517,1.02106952369626,0.447302530687104
1,3.93287024871598,0.205061289421919,0.938077815311706
1,5.22570503568712,-1.19521213346461,0.369951347515636
1,5.14720421052448,1.89164557975312,-1.03248650104133
1,3.73657571103429,0.661257453270229,-0.17949672418992
1,3.70005016460699,0.316313840978114,-0.580122620119962
1,5.01920618212537,-1.56022914589878,-0.376752643727468
1,5.33333036403406,1.01391246484457,1.18540557849525
1,4.71015775304658,-0.164271702855051,-0.0171399977822539
1,4.2167724168443,-0.0184433468546402,0.795837802568116
1,4.22880996037986,0.724788179457852,0.684445297144122
1,2.98767621349216,0.184789670871607,-0.197092056492819
1,3.31657987105753,0.744716273149171,0.268475747948913
1,3.11607682529176,1.80491265383813,0.471017947734437
1,3.45500360200425,0.110785249053375,0.849173796361506
1,3.37397687795404,-1.72614571623637,-0.419419773205136
1,3.43319626127191,-0.138345294391574,0.725841480808476
1,4.57079120459718,-0.957902381711022,2.38559982925001
1,2.74338403439314,0.593276293978029,1.71697785619285
1,4.07796742411613,-1.15226780380192,2.12285046546654
1,4.10292214936291,0.143317077543022,-0.529398414600368
1,4.11554108843582,0.863896317879577,-0.366839063000125
1,3.99916153875548,0.160422139379359,-0.536341547518279
1,3.62374021073032,1.18377242612552,-1.24280943874263
1,6.37278835234424,-0.362880160674777,1.93905107520764
1,5.37722501501442,-0.780301825992194,0.0789297213503484
1,4.44977028489408,0.700465412128302,-0.479132165647939
2,-0.228191301382873,5.11197125854626,0.466853478088018
2,-0.263165309847213,4.44588634638701,-0.519122126924442
2,-1.77557846181413,4.49344636512216,1.21430411540598
2,0.0685890177599123,4.70571802755169,-0.794127461037608
2,-1.06224205427308,4.35668361576322,0.795423791736943
2,-1.331561563185,6.02932001422596,0.424835610361745
2,-1.40825456257893,5.12654279845077,1.42421674790683
2,1.19045221374698,3.13797267701785,-1.98745132718031
2,-1.33358838939623,4.30395407869873,1.64311913739366
2,-0.162642722863801,6.41137046933186,-0.924815879979211
2,-0.168629583678442,5.42751303067578,1.00327512469757
2,2.0208023510135,5.72105186015207,0.898489618986627
2,1.23344020281383,4.33324392505198,1.89261110384566
2,0.769625950997815,3.04204636413831,0.522133699181873
2,-0.59142272036865,5.11370949759379,-0.557833063175747
2,0.444872096149152,3.48288252699264,1.54370522150738
2,-1.14741533055826,5.73436144029891,1.55520870865009
2,0.859940936523283,3.75046148562343,-0.148893959843693
2,0.958525085846756,4.5895522520595,-0.357763944808471
2,1.49621963512462,3.80992792572094,1.25921501170874
2,0.212005993595523,3.3375112401178,-1.11648571892663
2,0.778065748898832,4.81325212329262,-1.63540866092732
2,-0.0324419784215809,3.45728957677905,0.115187067833907
2,1.00037827498576,4.28871533968753,-0.258017438281784
2,-0.907886827514524,3.99746300797162,0.866698055958374
2,0.843191895138738,4.06951168618147,-2.43571475698185
2,-1.38004125167483,2.68747860897459,-0.899309540392426
2,0.423351200798707,4.8578912574191,-1.34404805065831
2,0.149942832086653,3.78101345048751,0.136242992234274
2,-0.283282707934049,5.90121404999757,0.190054723452723
2,-0.580617057620925,3.43637519237622,0.263562552465813
2,0.999160780616527,5.95047306810237,0.283026706900129
2,-1.18061267134027,4.59749852693575,-1.02310813410672
2,-0.985344238989074,5.47623976273607,0.707354791154903
2,0.0360639195159318,4.87688985102289,-0.243280275035014
2,0.370240139559642,4.33793539774385,0.386883321582347
2,-0.58819423626094,5.85337600714796,0.138457178403375
2,0.764858685241293,5.95055582707273,1.74920068583697
2,-1.51184373874436,4.00767413499891,1.00514773224583
2,1.16352585426758,5.76901633108506,0.0735875908147462
2,0.511868772384125,3.23442119103797,-0.127956979444329
2,1.16936986896743,3.14923672363336,0.0216692827340349
2,-0.863701184218495,4.49274710062942,-0.62478904080346
2,0.86561208557765,3.42380633450962,-0.672841992738111
2,1.82419196145554,5.07083693983439,0.0857726241567471
2,-0.804072215608957,6.28680023849259,0.0749039266178649
2,-0.211368325006965,4.35480200406941,0.626645207283723
2,0.766227271116699,3.73219824153225,1.02460236833634
2,0.388265998751167,3.82385030304483,0.672647540642607
2,0.00503118040068343,5.14206159929291,0.505427880248209
2,-1.09668785307636,3.27148980551597,0.58044834778429
2,-1.93921149693767,5.37271555762434,0.739040407913656
2,-0.891964221537068,4.44515947407332,-0.605390045740887
2,-0.316794308963939,3.54010256480882,-1.38061991557342
2,0.659684512888238,3.6182416765613,-1.32012858392812
2,-0.391040687661735,5.17440925389355,0.0634524840932565
2,-0.201212142439453,3.6290730251122,-0.467449234742369
2,-0.794368591762662,3.38125553416336,0.69256777707332
2,0.875187876851039,2.436497715626,1.64730144325528
2,-1.85497086319976,3.14616841003941,1.79394972149629
2,0.70919858644563,5.92170378235178,0.196490834791878
2,0.945003858693569,4.81710799765562,1.01496243989253
2,0.281094514382775,3.33004903590156,0.248400779024212
2,0.802560522578698,3.30069502648232,0.262470189482851
2,0.650452108243119,3.71512102270626,1.02982453729551
2,-0.570011942950903,3.44845379814315,2.11023591611457
2,-1.2675142125654,3.52427521995123,1.32949084515063
2,0.592988117369442,3.2196889935252,0.278170628357014
2,0.308445463005371,4.62471492206932,0.179391330222026
2,1.5471334779868,2.96518345842065,-0.642746161750615
2,-0.690446765321714,4.79192516887617,0.118151377714033
2,-0.812763224579084,4.54025872687711,-0.907541214683872
2,-0.858371036264534,3.28714238599045,1.47603233364914
2,0.552511174132509,3.37026948380845,0.17364887583289
2,0.37911672509254,5.56125152520542,2.12580000319629
2,0.474360762507126,4.54776364736225,-1.10372711549822
2,0.548730386223284,4.09875509206659,-1.62567989068415
2,0.999575553588825,4.64835188904138,0.892396351333012
2,0.760122388380721,3.51281166146733,0.850542598331229
2,-1.88445377607741,3.08633618884932,-1.19347701904609
2,-0.0246262428719603,7.00572081289074,0.61545671546963
2,-0.945187225389449,3.81538956082838,-0.3754353808441
2,-2.68029284384888,4.93816050960515,0.830066662490065
2,-1.45541768405299,3.9465422080436,0.310264742489053
2,-2.28270060954038,4.56526170910308,1.13345745712519
2,-0.730129548747982,5.71808673984691,1.02565366448981
2,-1.27597836790909,2.92487091275059,-0.072005006631105
2,0.74301384615106,3.21371753221185,-0.962562464471314
2,1.01908670024706,5.62790495851847,-0.467356528458728
2,-1.64002305608513,3.69365049070726,0.970244678638082
2,1.15632712392181,3.02896520737625,-0.696108405861395
2,1.23161577001591,4.47855496492486,1.19728341657553
2,-1.29730469123594,5.1426807259307,0.174733951002591
2,1.32791702096579,3.81813220273937,-1.06521386212896
2,1.08098128971306,1.72696720314384,-1.14281025832782
2,0.579953147242676,4.94989626033245,1.65927581597706
2,0.232780120717514,3.81274881923876,0.280304688707136
2,-0.330053706888194,5.50305578686266,-0.945080821758959
2,-0.553783481670915,1.87951804446686,0.256154167616929
2,0.389777893363586,4.29307681479946,-0.437925698655877
2,-1.28586649790472,2.83354844982991,0.834170958053639
2,-0.581001646265555,3.3823120686808,-0.310874624862985
2,0.00376593572039372,3.23520016527029,0.0861677857449961
2,0.309794224407769,4.16638488923406,-0.410698038785276
2,-0.112611220125295,3.78628561953596,-0.155114840980822
2,-0.00365072876251241,4.09974097902145,0.336811204439439
2,0.483417835982161,4.27544243127174,-1.49791647825127
2,-0.809380763818334,4.28553167131171,-1.9374276391712
2,0.960019139634305,3.9117240634976,1.38435811470115
2,0.820418664558596,3.25685900999444,0.29944150388017
2,0.0473438869939893,4.07689559701391,-0.104469576339213
2,1.57725363180804,3.54937070272702,-0.934854809980851
2,1.40120261108168,4.79171963217794,-0.415749657842621
2,-0.0860449124705519,5.86299148312131,-1.36481719613533
2,-0.245278619358791,4.17706955504207,0.0711225588614663
2,-0.241292720039459,3.77396012839174,-1.38963501065194
2,0.202713762004256,5.15845868439423,-0.155288895200421
2,0.965485662440864,4.14085770738154,0.976919724440714
2,-0.523027703749969,3.70043254239632,-1.04203432571261
2,0.0731343096943634,4.27830912138414,-0.326897543139684
2,1.69914034210603,4.18567195621641,0.777702490733197
2,-0.87411246852263,3.53142707297461,1.05684986542317
2,-0.0566937603872676,4.39678277523715,0.979365132036236
2,1.01168915287392,5.73422274067559,0.0983875837366244
2,-0.43127078872653,5.26366590494619,-0.0513244984183552
2,-1.93253985392009,4.73735208256888,-0.298580712457075
2,-0.842058732260405,4.00492677068448,-0.625780859541574
2,-0.532313032955987,4.60633834488089,-0.228188763912963
2,-0.116188969252448,4.2592941437859,0.120326657978732
2,0.322572366810431,6.28481911872094,0.273157816378659
2,1.45990409191432,4.53392774673886,1.13918497250874
2,0.00779574420684357,2.50085773481996,-0.409121431325045
2,0.621095476584028,4.11878649973197,-0.840198947180904
2,0.328041222622759,2.97161222116369,1.45390935623519
2,1.08225470510902,4.66245556494767,-1.32704016853522
2,-0.679568510701004,2.36831459759632,-1.58299732110494
2,-0.0588286269732081,3.9049481371034,0.390868137022354
2,0.602342452464743,3.2058788692495,0.0527859813234192
2,1.59637491994459,5.62148842829062,0.475045895002681
2,2.5415677169233,2.7931783146835,-1.19651104646937
2,0.939704527744482,5.38852803685365,2.84391152034298
2,0.169681545042469,4.93350538578263,0.536716815117135
2,-0.298021864414473,4.17053794778551,-0.566536000814944
2,2.26549058401855,3.77687096982913,-0.400365406024404
2,-0.0522138214332461,2.35189158257539,0.524474876250434
2,-2.15656446833992,4.16345426138166,-0.950203464396559
2,1.04206368329465,3.85154767358433,-0.295798910288266
2,-0.446201702839864,5.3680775049356,2.7238686608493
2,0.581953675129761,4.14209034545552,1.7181422406475
2,0.206898107950437,4.68457748499821,0.161632793629933
2,-0.949002521886269,4.30164527488533,-1.2047117511576
2,-0.541689361736182,4.34535247394308,-0.905982769417546
2,0.0108282137961268,4.09995477402393,1.36658643494241
2,1.82233056659609,5.38103053172799,0.63899729377888
2,-0.432945933525016,4.70115762791196,1.63741015463287
2,0.924675265320785,4.43617024330926,0.162949642656341
2,1.63175793829529,3.63797797288265,0.66362053453256
2,-0.246893479066489,5.83938093568665,-0.467485717663552
2,1.56163415711428,4.53010890811616,0.67318507304051
2,-1.19119999502297,5.24205048620138,-1.46635527529386
2,1.68995225870476,4.27967915070705,-1.16500717766364
2,-0.137547877330629,5.81868232916449,1.03427576284254
2,0.8230374876225,4.82809822901164,-0.363642575054908
2,1.15005551622332,3.61066059737448,-0.75586305807972
2,1.79562760540883,3.86685375794228,0.0742196367457524
2,-1.37774968443643,4.71815287224873,-0.412762734746545
2,-0.478340959481684,3.63958702592317,-0.623764927502543
2,0.132769102213542,4.19227195424716,-0.877520437264915
2,-0.560535395942915,4.81073362439543,-1.23360710989922
2,0.0681504375912649,2.69702656350165,1.28387299273856
2,-0.781896552510185,3.79143785286166,-0.189898509714289
2,-0.297901014102505,3.31860304635521,-1.12564511832451
2,0.629813549786252,3.65053240218449,0.111866380756312
2,0.265992611690139,5.20357966024976,-1.47052670398635
2,-1.01523516735189,3.30177355262671,-0.451256937692117
2,-0.599246416692502,2.9260111792822,1.12927227299274
2,-1.48686985899347,2.58707196445561,0.581183730019556
2,-2.48494664245166,3.42412740334207,2.4189760772217
2,1.53416810545771,3.6530166018906,-0.919626508047205
2,-0.267839767341502,5.48544392496539,1.2063408074202
2,-0.210198521487825,3.02116196701689,0.962503440179034
2,-1.99883635705105,4.60561611642058,0.579108856246855
2,2.04872721919809,4.6146448145978,-0.940616619568283
2,0.292606257102906,4.64844478076386,-1.34280254759415
2,-0.712329829771323,3.11513637817355,-1.47990148414702
2,-0.638145152438759,4.43851632510902,1.69105521446104
2,-0.441397483061576,4.63375056440361,0.300285743534102
2,-0.792468141222677,3.77986085366322,0.696638425818804
2,-0.308003391949214,6.22342698129371,-0.302537641200525
2,0.244011165051507,3.37182949158605,0.863305750656003
2,-1.9106465685219,5.48310693585838,-1.29771597041657
2,-1.29635504004013,3.5153605356326,0.979517981490815
2,0.565705041216296,3.52068245078678,1.34449753854861
2,0.286586650498323,5.33524605219605,-0.542143348162555
2,-0.679131721086842,5.22126005906182,-0.606651522661611
2,-0.0141338751161698,2.27397418688639,1.80271700369905
2,-0.618611278742414,5.92061005875095,-0.183916639126241
2,-1.07125018581139,5.29491748884741,1.15311699876954
2,0.199879707176157,4.38484836739339,-2.14706207365234
2,0.803698778046285,4.58033341105943,1.18289373282459
2,-2.49060589863007,3.6065121891153,-0.674082242385637
2,-1.44703705069077,4.87482986616767,-1.12966209634039
2,3.00154736392746,4.76378457019073,1.87130578244609
2,-1.46383819925631,2.83923968211697,0.236832041484476
2,-0.277845541033294,5.42170786299032,0.858991287821858
2,-0.398429952247781,4.77797921180882,-1.38200900170977
2,-0.485489857091585,4.62065879613937,0.561653712668267
2,-0.918580431316925,4.71598731713042,-0.0762453478574685
2,0.0777773165429624,4.94724127546772,0.0698301082580497
2,-1.52682973000674,5.75107872254944,1.34286356646163
2,0.354817432425463,3.21443671766229,0.243015294400094
2,-0.868472771395853,4.49942339114534,-1.41682798770714
2,-0.044009963792583,3.3077083601076,1.26065729778195
2,0.454610094377157,5.21481072922154,0.0635707073532629
2,-1.36579943712708,4.06527942321539,1.59173588933917
2,-0.510200819251931,4.50312017245541,0.500363901642997
2,-0.44710457333224,4.21258612241463,0.742596997054273
2,-0.924510854336392,4.68579256137253,0.393515389567835
2,0.9057199872693,3.87581108394454,1.18789624779385
2,0.550840758769573,6.24296852946862,-0.710810505150217
2,0.842108010747063,4.74104544758982,-0.560467030743634
2,0.839168864667189,4.33283783031787,-2.00792267230713
2,-0.758227347888265,4.45634508784129,-0.529642189110721
2,1.29118997221499,5.26728994923901,-0.186124674524872
2,0.772036236443142,3.56103857897502,-0.530182835888173
2,0.10165089292497,3.46753872705211,0.697303598410269
2,0.848850774371577,3.82427649532653,-0.390853283154922
2,0.897590948348457,4.26083555628647,-0.942738091878253
2,0.266835046283344,1.99408177998423,0.126001041465806
2,0.786022400671016,4.29268541049398,-1.13852184791717
2,-0.416369223862077,5.09098041490384,-0.889987133603329
2,0.443479499429712,5.51705958512051,-1.27421377842559
2,1.7905470657347,3.47320753738282,0.558232287211624
2,0.566591424219365,5.19702131045049,-0.846264333580433
2,0.583447785825341,5.05334200974573,1.28539280623376
2,-1.99727812130787,5.41912326414633,-1.83772595071368
2,0.816555413556155,3.79513806552933,-1.20519826836434
2,1.27952793554853,6.85457058694168,0.467328840754608
2,0.393792891586325,2.99905061935283,-0.824287427032051
2,1.92446716427157,3.11088243965895,0.34138462210352
2,-0.0658983526869861,5.33230009689903,0.959816237571148
2,1.4370594017738,4.48294574195634,-0.72927043830135
2,0.352769732787575,2.79529428142894,0.554576817826405
2,1.30910695186138,3.82935843222291,0.33298690632197
2,-1.55426559091396,4.15468294876266,-0.444118564474357
2,0.0846933055605061,4.76280086277869,0.111574573119124
2,-0.252919421397565,4.95885007568974,-0.573759483233333
2,0.369610457900018,5.77049057460308,-0.961861876690517
2,1.01292904255327,4.99828356813574,-0.418125763779668
2,-2.10941018424424,4.15695694516915,0.611792403243755
2,0.491213557397508,4.48537346968701,0.632554267305747
2,-1.20268738544381,3.27497647455381,-0.972103351240757
2,-0.071101748565562,4.09244267602644,0.0925205443250017
2,-1.63835958061547,5.19578370256524,-0.155931360346305
2,0.246449950194454,3.94119702170938,-0.502131115446381
2,0.129825170037683,3.84543537261334,0.349554224359802
2,0.0138077806338039,4.12526385976201,0.232571258213023
2,-0.59489902288727,3.60590643232512,-2.16064609289931
2,-1.9996230998209,3.12424163057072,0.298594607573607
2,-0.51577655040946,4.7057439183402,-0.240542528779182
2,-0.675086074371046,2.72791236728609,-0.542974584932676
2,-1.66011545387715,4.65569053781716,0.000302849834512712
2,0.0816485512784888,4.99628023701279,0.0326142187376858
2,-0.196249869086937,4.27272571732124,-0.758511718411963
2,-0.716834832135395,2.72512922254188,-0.40465069675194
2,-0.830969690315109,3.80308035020367,0.759651328345528
2,-1.87573145249915,2.08539649922047,-1.03227112175251
2,0.402568815152889,3.61067908888122,0.752024488820405
2,-1.35924744099075,2.20849786327265,-0.255748425027443
2,-0.926598706513117,4.9281429683735,0.383153890341435
2,-0.233057011992559,2.82391691805883,-1.82536190070109
2,1.66686965439294,5.84688032566392,-1.69075280560825
2,0.597954046113092,3.40194143568447,-1.13166153698004
2,-0.13793644852173,4.59527409312219,-1.38754873743272
2,0.39669959159661,4.93563067434279,-0.361771437097251
2,-1.48727347234585,5.37275218589453,-0.0993966064215812
2,0.545492114124235,3.78339238577218,-0.112925730941352
2,1.00874137674976,4.58686826040482,1.17505718903677
2,-1.25318755128977,4.22435972335702,-0.418590837007939
2,1.8796358267043,4.3344177330734,2.82061698191627
2,-0.661335001103131,4.44265769526169,-0.503026112821324
2,-0.938696415282318,4.11972514187191,-0.135473721604347
2,0.868886218308184,4.09225381995696,-1.19421463177361
2,-2.00015931792599,4.93461517379934,-0.789647406458971
2,-1.24468687787109,3.59930153800616,-1.21866669684161
2,-0.0950938443357688,7.87943625403766,-1.16216144120092
2,0.138502697559886,4.88757987975098,0.228441744656917
2,0.130766848399501,3.72956254568862,1.73417625935146
2,1.08244673085915,4.5811401782537,-0.9631837578657
2,0.801746587547293,4.20294269078911,0.305986714561609
2,0.153751291098373,4.19353576016679,-0.00819895766020185
2,-1.5027044810415,5.55984392518388,-1.62138115031635
2,-0.213130479786779,5.49971297764607,-0.856757005224252
2,-3.40583499079528,3.22329148871442,-0.421062819501321
2,1.46212303867774,4.72671426880511,-0.268428915497169
2,-0.397466939484309,4.04645198292256,0.316001541228618
2,0.0252584516478856,4.45945102465706,-0.86550409141904
2,-0.81192763342806,5.57566096754173,0.59905688160721
2,1.21973285096036,4.31195654897721,0.143893691826015
2,-1.04399528601822,5.09958756714165,-1.35058346593456
2,1.29113028348781,3.54430253862569,0.368520769257594
2,1.91562551697368,5.49008379643032,1.45747351873157
2,1.64838420599169,4.38541965486024,-0.629599044916749
2,0.392073429136282,3.6873018692944,0.442888592510032
2,2.27235504369482,4.62639916390992,0.70121928272582
2,-1.41377977111274,3.3007954579259,-0.222383435719871
2,-0.792662898988238,4.5102469063285,1.7646595267429
2,0.304833168764351,4.55289868161495,1.34144070007582
2,-0.957798223095282,3.83246836539942,-0.660982394519574
2,-1.22951695297917,3.41734097654432,-0.56232427661191
2,1.23474260034747,5.24516439454983,-0.721148325238605
2,1.18276124898643,5.66904420852284,0.263421974721325
2,0.0276334087136025,3.43617667626808,-1.4981685469568
2,0.751000525411537,4.7681436395292,-1.47328310006555
2,2.28839667452133,6.33598539006329,-1.18401561549677
2,-0.483449251700549,4.23080474283619,-0.0707110153535881
2,1.92398558906027,5.2599537650514,0.0671527054804234
2,2.81893520186893,3.66089784208083,1.04980495542734
2,-0.099867690398656,4.31141319133746,1.24220731482375
2,-1.02687481833545,4.9614853605976,0.500672877429255
2,-0.110023525636312,4.69613859568914,0.935175188710412
2,0.182763390145666,3.66761561734904,1.56467061205879
2,-0.77546373071642,3.3235604637545,0.439782825872574
2,0.231331582060093,5.4152320801859,0.326004925250287
2,0.281121392110789,2.81362772274401,1.23424835505584
2,0.624614077281907,4.95243911547057,-0.442206570585376
2,1.69716107709537,3.55567422689421,-0.0511931101713292
2,0.0766243841040295,4.01421973933141,-1.24326310221641
2,-1.37505889115235,4.62532446284069,0.0748679699911315
2,-0.844355514306415,4.65304596352852,0.197325112448585
2,-1.34577155089517,5.4297295194732,0.374443421704082
2,2.00218062223907,3.69882131494542,-2.67713223743466
2,0.957211519827104,3.55804838277844,0.93351062231649
2,1.28714995802639,3.35922927927124,0.905194348638919
2,0.983701477367359,2.74168950019019,-0.549859430162497
2,0.97234945651974,3.88439912452166,-0.919133641058482
2,0.777574085839242,4.51286030939619,0.283195628102369
2,-0.851202809976726,5.21229502459495,-0.826216315947117
2,-0.54559730797823,6.50883973788905,-0.369785971190533
2,0.999869946327947,3.72223344584425,-0.103141820641127
2,-1.1264169958702,3.17603866740805,-0.0696604316888875
2,0.172933617288575,3.76907126138079,0.840492547184507
2,0.440023573978728,3.6586194316147,0.135641400014483
2,-1.10958769339823,3.761932687839,-1.40802350193326
2,0.660662401017573,4.48653087940015,-1.06072624480715
2,-1.17190102710204,3.00117695888785,1.06369854921496
2,-1.11682775966145,4.18346392648529,1.04285933765651
2,0.753375063015944,5.17441334200076,-0.343000256211222
2,0.973190519158367,3.98186619039022,1.26687022462049
2,-0.801906933642494,3.72479459612201,2.25452234666148
2,0.839204339139888,2.91284113752332,-0.553619550256573
2,0.481324760414579,4.22100652215816,-2.63597099972521
2,-0.39491911585085,3.47576011990209,-1.18484941235062
2,0.477744461273821,4.86598711682081,0.380596765007185
2,0.647885163953999,4.37901094902069,1.2000123714439
2,0.590921279514447,4.38987735658793,0.610302965474225
2,1.23629074853546,4.84419619586779,-0.715932228790438
2,-0.766982651562836,4.57732088448324,-1.05304655519732
2,-0.405602477174175,4.8491999487852,0.135092399561989
2,-0.212719437253517,3.70839993478089,-1.84192657365021
2,-0.617666689228725,4.60179401165115,1.35641218506409
2,0.75362813083694,5.04032458014867,0.72514289385127
2,0.644875712285723,4.86077055970252,-0.0236121494386351
2,-0.00876230646530594,4.39474269722806,1.06950250043334
2,-0.447333633686918,3.42181648041187,0.216431934850329
2,0.889375265198909,3.54961175414901,-0.511937444246369
2,-0.425679541307318,1.57311659887498,-0.209412210665451
2,-0.288558746820991,3.1257727399445,0.801575478713035
2,-0.573470398989452,4.78493708489662,-0.192708800583186
2,-0.382910031617585,2.41274440065335,-0.582525998335761
2,-0.802940677056136,4.01387810512677,-0.176377079642373
2,0.383014009019808,4.97948979682605,0.703060467443475
2,-0.624430964963262,4.95513961147168,-0.707016733075498
2,0.762576940963743,5.11741369851863,-0.50693394867567
2,0.323818465508345,5.94026721246255,1.74359035163596
2,1.67005363616796,6.34535477325042,0.528148579935564
2,0.0607707950938011,3.58776946738926,0.380317365267385
2,0.152471672687611,4.49023928251143,-0.951510842632622
2,0.408105086864449,3.49215563106067,0.908541725996549
2,-1.2268841015884,3.3669289380943,-0.234888998371463
2,-1.31574842566672,3.66074100754006,0.0579701751854634
2,-0.518483009935095,3.54228255916921,0.063476925012868
2,-0.84415386348982,4.35123627853094,0.0176768533640803
2,-0.439791190585517,3.46915642873202,-2.11796344957305
2,-0.229649969792305,3.20861480271289,0.131884186984309
2,0.219894882028095,4.06383668078168,1.25175033871552
2,0.233204643423021,3.94490309068997,0.464704879045923
2,-1.21653827648512,4.41667829546815,0.467626385678673
2,-0.789161234456745,4.93933587662023,0.0590877230043091
2,0.590595665055771,4.79569136326705,-0.117174956668186
2,-0.189398027765767,2.37820325246708,-1.06975722427662
2,-0.13361633050546,3.38349148515951,0.835761220625105
2,-0.470347732295815,5.14664360771374,0.19176470800924
2,-1.51173251327393,2.99126458811646,0.777883701965604
2,-0.745771035945054,2.68182646479995,1.54371492542834
2,-0.556189116814461,2.43835655775325,-0.15550043482057
2,0.155260424485662,6.60504460665844,-1.25992999049382
2,0.0173169853550914,3.44479189383011,-0.562803734972469
2,0.842378629793486,3.44001948955098,0.374303081213956
2,0.921266972456263,4.9780412094396,1.70867705388525
3,-0.506001664928533,-0.403537902890781,5.91278518514303
3,0.409817766108832,-0.675514979615495,6.09401542994374
3,0.415538747619914,-0.18818822892067,2.88459538938104
3,-1.38714731691681,0.340306798893265,5.43976859025757
3,-0.913504314195697,-2.4004914752873,4.36927703356806
3,-0.778107070224128,0.873364653626888,5.39083501281794
3,-1.68648944697452,0.27424746940819,3.17483515608793
3,-0.102272347346416,-0.306958912123899,5.27392504255548
3,0.328833976193283,0.851729988864793,3.46955922499852
3,0.249818816404061,0.0255474317188393,3.69414494657847
3,-0.310204283409323,0.0988450999564004,3.3531385361234
3,1.01436552394766,-0.130578241430108,4.13699416637605
3,0.481297419904944,0.345727602064651,2.748122953189
3,-1.17721586421196,0.14317400060213,4.74396895444395
3,0.077964862545485,-0.254508422116998,5.0466269447129
3,-0.586191083566673,1.06447753903204,4.69907166978183
3,-1.36124671001687,0.339927006784163,4.72613376872027
3,-0.42474929643401,-0.949030531096869,4.98072181356306
3,0.534221193666888,-1.60279699273901,4.67532877812993
3,-0.230424965539709,-1.82496002836892,5.33073500035249
3,1.21462147287963,0.767345411778667,5.12198641502646
3,-1.02841283156658,-0.513855253935888,3.48915386921582
3,-0.0698205441809822,-1.32244377853003,4.45862465832897
3,-1.01917866935044,1.26460188041695,5.07617314282885
3,0.334865313825834,0.831257771712227,3.81828270930039
3,0.646620378488508,0.157049427995543,4.96354118014074
3,-0.265077490218336,-0.866827742520488,3.47815070507118
3,1.56644571431834,-0.805969575292141,5.12302029052072
3,1.57054955798739,-1.07831648203166,3.00583314772819
3,-0.496566923923202,-0.482778576289871,4.54148741439669
3,-0.229757595182153,0.310502008142247,2.77670260250352
3,1.40331806193409,0.744343898144526,5.27419526077289
3,-0.687988610414477,-0.688317484876327,4.2120480370048
3,0.229668132137741,-1.82880065202429,3.53894917363435
3,0.824408015142604,0.46925363319254,2.80507110669813
3,-0.24446359187904,-1.12833353280284,4.73037971801793
3,-1.4750896248292,-1.73903434471284,2.50973741651698
3,0.0186893065480338,-0.967873891146266,4.24918921466428
3,-0.601723368708531,0.0858121867027943,2.56656043691726
3,-0.199203998167028,0.680583370199391,3.58984794276191
3,0.957584718511774,0.137008623579245,4.01647140291854
3,0.384394906247814,-0.139730760868101,4.4948093968691
3,-1.65697471986471,-1.69067034417215,3.6882110230593
3,-0.0336465728609444,-0.547850225539642,4.87285814879525
3,0.812974841783841,-0.760992124289166,4.86355526172727
3,-0.591403840004584,-0.731780696039807,2.30084793421709
3,1.29314431688668,-0.538295618109782,4.04018783194322
3,1.33114287643756,1.29232309790657,5.8965908088525
3,-0.249152223632597,-0.213005270964493,5.73937068897632
3,-1.93423462851722,-0.898895869782308,4.80120858280615
3,0.312717808144176,0.894842771043125,4.66136335763891
3,-0.0821471246330053,0.591208164632442,6.98577270060055
3,1.13342502113607,-2.7404726709237,3.19754319701202
3,0.344635691356617,-1.14655111863557,3.3850041372701
3,-0.15097303170238,-1.18577186051523,4.32943188098381
3,-0.200399674171694,0.11585824024535,6.38165042778041
3,0.274401618135169,-1.05799943768145,4.84770347358547
3,0.1100941837128,1.96026620426898,3.07240497819509
3,-1.143050495012,-1.026890926483,4.86028125129776
3,2.69202193877663,0.382915161893937,4.80241549192373
3,0.0278501745286873,0.790921899490221,3.36032976579706
3,-1.66910070203509,0.10917638637983,3.25851317925592
3,0.12344493262972,0.160828195722914,3.18479013958006
3,-0.532836481685492,-0.984466865186877,2.79797995949905
3,-1.8811203641901,-0.925614635958841,5.82637408479344
3,1.08514516909214,-0.0341299553367743,2.74535597363469
3,-0.555439796163602,1.63352744844294,4.06092337560052
3,2.01220507757184,0.412297784574293,4.67773540396175
3,1.52311461441756,-0.130222599664744,4.93070280451575
3,-0.491711328119883,-0.490846473521027,3.65397490216229
3,-0.47351356448181,-1.2622840293734,4.66440054198659
3,0.125801935888075,0.0605080073864929,4.42543545755495
3,1.15715288971464,1.03977411136737,4.37461733522788
3,-1.36872800661829,-0.83798794614746,3.48627750523261
3,-1.17523660788377,1.75960465662252,3.08293455936966
3,0.00334573393426797,1.00539402614209,5.71794543816511
3,0.35786911306383,1.70829561036291,3.31108393321911
3,-1.82561372559808,-0.493780841997738,2.46859989035247
3,-0.4044189918509,1.4032550540085,3.98823755625073
3,-0.396848753832209,-0.0372437404633949,5.34456128923587
3,1.78143611781861,0.905402335418151,5.67651126577237
3,0.910052433936537,-0.0811191085431481,3.56438271972161
3,0.0726247660923819,-0.134208093133567,5.52000782873869
3,-0.934080293331256,-0.685807529291035,3.77630477998694
3,2.53539467119135,0.111108005148079,4.45326375161859
3,-0.383126669224806,0.724642404722935,4.75444051225648
3,-0.560704524029843,-1.08087608252793,4.68607728460388
3,1.38148208575298,0.642521871183598,3.83810651320546
3,-0.327493262602139,-1.20593779252554,5.09989796678282
3,0.0853764076319685,1.21037875273146,4.46372878364345
3,0.0924230753465035,-1.41822031923584,5.40786526976574
3,0.14449979174055,-0.348207288438278,3.42665559022966
3,0.203880194608044,1.88794145706399,4.30335807062607
3,1.08870225534189,-1.27243276037388,3.01266778145231
3,0.812859565926347,1.07495837774455,5.61185727351691
3,1.17096766059772,-0.489402418093943,3.68968607441028
3,-1.38642061707707,-1.52676245922181,3.5123249330182
3,-1.70222293793379,-0.075879107383116,3.93373930395358
3,-1.63555889754724,-1.19796026791047,3.43805977869934
3,0.90770221546699,-0.395253227290084,4.42984312225733
3,0.0898366000171426,0.842994116719317,5.18609878520683
3,-0.546148581535672,0.180722776155925,4.49309495321171
3,-1.12956578937521,-0.00694388968609124,4.7051574313086
3,-0.870129896472927,-1.42058059062769,4.10130607633621
3,1.04783167385448,-0.285604132250274,3.77434851776201
3,0.422423600833237,-0.583182873309252,5.6724341937035
3,2.16221392670155,1.47068299510429,3.42745480617004
3,-0.328924967426592,-0.198086575942165,6.01539927988062
3,0.226692210678163,0.634286326395404,4.54192361911965
3,1.27551854426761,0.87950558146301,5.30335712989573
3,-1.67906260552001,-0.321484520347117,5.33659602842212
3,-0.243934351917796,1.4336325462283,3.54138394848726
3,0.0436098200802233,-2.11926967276752,4.77686431715427
3,-0.313798349526985,-0.346507961856353,4.68674004927774
3,-0.915411200806902,0.674710752111214,4.25240861435817
3,0.585522428471022,0.841115294069929,5.89054223442996
3,0.730354208279829,0.155497110050142,4.77748665518349
3,-0.312977335227289,-2.25847204621359,2.66738611213837
3,-0.81533678903196,0.957115495624262,5.65535176131722
3,0.631698064037067,-0.717335482134296,5.87933927381241
3,-0.437928362323859,-1.33012263169046,2.64991769298832
3,1.24394895003169,0.381426295244195,5.31109851484513
3,0.951752431212193,1.8073639958682,5.01609510307296
3,0.808686859044336,0.847885402191386,5.19411057717705
3,-0.337551588342354,-1.72428838561361,5.7074019367755
3,1.41060080785783,0.422242390051218,4.18695581264492
3,0.75023712851416,-0.127473203657788,5.47997432280492
3,0.528090724493923,-1.48721636949734,4.06539422978517
3,-0.745333160238722,-1.07835432798936,4.81050419674914
3,0.0841583742375923,-0.664280311003217,5.20765420730104
3,0.834810568954957,-0.192711536154633,3.14381151102665
3,-0.051560729248771,0.766906534499049,3.89954156971498
3,1.69875878207242,-0.750917240356995,5.35415125266086
3,0.790230025858639,-0.344561383580932,5.45537823701324
3,-0.509052210468121,0.426648349100361,4.47378056518752
3,-0.209936509115062,-0.200598816284172,4.1572062335177
3,-0.878342141852418,-1.79041976850238,5.19179208409575
3,-1.204217193473,-0.83471196388174,4.31539428485332
3,-0.811063865624083,1.37264767868402,2.83721502300796
3,0.712054747913863,-0.561084225227154,2.53800375112004
3,-1.96391898836277,-0.654311687892666,3.52706170340131
3,0.338225313470708,0.0943522270028701,2.22653297384332
3,-0.243269946859861,-0.557781026402661,4.47299384087715
3,1.81816751342709,2.10389543492349,4.49597275424784
3,-0.0243972548593836,-0.264484917034328,6.32971815322982
3,0.730281060111184,-0.654600610535217,5.82694138785926
3,0.930717672183662,2.01860675151638,5.2622011140517
3,-1.41130780663311,0.715161666611642,3.34203949661856
3,1.62049657294291,-1.16682455684021,4.00197967951785
3,-1.46416288330427,-0.0882851685428941,5.73875271320962
3,0.327615495805664,-0.429248209466599,5.72738032644508
3,-1.96620607989584,-0.0399782022516132,4.52170335718222
3,0.911907608224945,-0.147501429470257,5.35761421774415
3,-0.942643535878465,-0.401507195167544,4.36592319459238
3,-0.18354302982396,0.676047925928471,2.83076768703812
3,0.0843794897864695,-1.28656611367052,4.01064859132006
3,0.290466101647442,-0.640454989447979,3.75925108734183
3,1.12747248548648,-1.48416173838122,3.51518937259962
3,0.37360585440503,0.671623340013817,6.05295616461715
3,1.03745663581343,0.673870501905623,5.62656231448278
3,0.61823425810235,-0.395951951192358,5.65047414609326
3,-0.394970731599652,-1.50986997789835,4.13618117975742
3,0.907509915099445,0.0623855290087719,2.80268486997239
3,-0.758130800248142,0.413169135226524,4.14942368034783
3,1.72908782307868,1.15116498204999,3.83555906755165
3,-1.09441381430088,2.06072758571711,5.61269519468342
3,0.325185500203474,2.13997283598318,4.42122526947411
3,-0.00628380036351488,-0.802617038666898,5.29597109377254
3,0.523699959904281,-1.95597635106029,6.08911376591682
3,-0.212273205607103,-0.530018034250099,4.81038122582584
3,1.15768807839873,-0.750194604143367,4.46202355673692
3,-1.34712660441084,2.15908311409069,2.85416335312627
3,1.48623127574244,0.0756578195567906,4.1317055234384
3,0.559358266390109,1.39535477011341,4.0931026762615
3,-1.04393286520705,-1.69449835950632,5.52370294516338
3,-0.870332152689617,0.128304000837905,3.08931971653044
3,-0.844954583000454,0.337196859314258,3.73436570657978
3,0.206434606133504,-0.0119205893404097,4.8383027299898
3,-0.701198090515805,1.14759700053551,4.65147809127621
3,-0.481946115273282,-0.175067603650449,4.97490030108236
3,-0.639750588491497,1.04573341310844,4.34595656483378
3,0.825279993776849,0.428898063670599,6.18991579629515
3,0.790076024723119,1.21470235954768,6.7775000004932
3,-0.735766547122851,1.075683483745,3.67081438600618
3,0.861200306461201,1.44385642266797,5.26037706288774
3,0.543066047497779,-0.806792955042903,3.22014536691676
3,-1.46003350871646,-0.266342210716578,5.42492651395847
3,0.152275312183838,-0.571215968982957,3.05732487315014
3,1.4676331072368,0.578794949986916,4.79142943667532
3,2.59876196858066,-1.03114505947873,4.23847992145538
3,-1.74545699146715,-1.23988581486747,3.54082411328715
3,-0.767799965365118,-1.59787665899627,2.70094699479649
3,-0.00303775606690761,1.80539827891524,5.82338396758249
3,-0.382373166579089,0.353168134033316,3.08844941530351
3,1.00177438012296,0.669239557317241,5.7222916591796
3,-1.2537200351918,-0.196826618727757,3.46876207637409
3,-0.475976579545737,0.940809641612492,3.92699133971359
3,1.22740980503394,-0.901403017751438,4.70811968682997
3,0.951972140116031,0.270280538764389,3.01885407517726
3,2.16760627679257,-0.172700173787703,3.73687739524371
3,-0.076015679968177,2.00833110142396,4.35970296913866
3,1.46888848317849,-0.557391460086304,4.52544265457515
3,-0.851767358589807,1.23867453755518,5.66351559427108
3,0.0382635592550135,-0.529663335788084,3.30024692731626
3,-0.298660776641418,-1.08720811822636,5.3043654836116
3,1.81098415005781,1.08755355238834,4.93693839218044
3,0.102414086285467,1.05874268469487,4.68081448848352
3,0.63112928030069,1.0333883219981,2.1114671378601
3,-0.208726966892496,1.40424952030235,4.05349873456704
3,-0.412267233430042,0.653440608017229,3.55962956564247
3,0.853938039843708,1.46185404157135,4.60739181367582
3,-0.0620990810843051,1.1714721607043,2.53785457556577
3,0.585418477489383,0.432183196041007,4.40331143948818
3,-0.601333708838726,0.597276126140964,4.97809257475392
3,-2.45712481521898,2.38638088344397,2.87333103495055
3,-0.173752935135091,-0.19593745131664,5.690432632451
3,0.918643038851688,2.12537623849155,4.38211403431594
3,-0.898941045780264,-0.139757857102285,2.95358911818587
3,2.04839434335435,-1.35660039398786,3.87171792083512
3,0.106769493233828,-0.80883471995191,2.97334263329753
3,-1.17604463776292,0.116694482974106,2.60976501404705
3,0.462338509053748,-0.402156130754318,4.37648344377262
3,0.392852540849227,-0.792959415580641,4.63488067166992
3,-0.947157170997854,1.79063251395562,5.55324142072966
3,-0.161827618820754,1.48510686142109,2.51001941906951
3,0.100180334427268,0.588357040824708,2.23226807718212
3,-0.13856433392215,-0.901785339964569,4.93215367660584
3,0.305711713763701,0.156033022291792,3.82500842887106
3,1.28233939039136,1.18600162550457,4.32008958150134
3,-1.05792072611098,-0.995850310966216,6.96414676161413
3,0.380559412045279,0.40786228642527,4.40460025023964
3,1.83891081966251,0.641857897479855,4.48866972107561
3,0.656887240037519,-0.595410355600805,5.143183207507
3,-0.579969523017982,-0.552448701618777,5.40225055742464
3,0.109981731533208,-1.16178835268225,4.71617174767621
3,0.00246528587466138,0.793199803272451,4.96601873722795
3,-0.244979649932493,-0.873712168136019,5.48547002240803
3,-0.784501445513268,0.661737574638686,4.71604875582573
3,0.496707601619437,-0.0223258341046664,4.37599375236634
3,0.475306404620067,-1.58565527474948,5.66458682415781
3,-0.0168528301590706,-0.863652734404852,4.12143947774011
3,0.101793040112622,-0.843074956209377,2.18829825656141
3,0.603912057588637,-0.545432875276284,3.45652683883746
3,-0.78816911704729,1.53004500781624,5.6510336979305
3,0.515358975626154,-0.957639601238984,4.46662620044189
3,-1.13483139769611,1.10378219151803,5.15279689349487
3,-0.587160211705669,-0.976493224973841,2.08956069873807
3,-0.126383612358838,0.277186141728536,3.69431824830406
3,-1.56838761889817,-1.34141962351077,3.98790066378602
3,-0.09407090771229,0.9828483746269,5.82282845174019
3,1.17511219224079,-0.13001858060786,5.19249788391118
3,-1.59800910476449,-0.249829975033685,3.63453990518563
3,0.351448105505046,-0.546713661782002,4.60332736792933
3,2.50526356888081,-1.14758660394382,4.61055217142615
3,0.332668866635809,-0.188948022037827,5.09308469368435
3,2.29542794216917,-1.14792307927222,6.10500261272913
3,0.255282067911269,1.98190396510822,4.0633953644374
3,-0.465639311170239,-0.493373949670055,2.81598260254331
3,0.11094235147346,-0.44790859781487,5.37078604755037
3,0.0276660262557053,0.803445393784443,5.11206841522736
3,0.950174177673727,-0.662579244313039,5.86900142877483
3,1.44962665712961,0.104161936730759,6.17104088410564
3,-0.674382120210133,-0.0176028939545183,4.25366279140239
3,-0.023227844273394,0.718085019327141,4.06917091135564
3,2.25465352464537,-1.61223742600943,4.91128921995899
3,-2.15184838308549,0.289786678494694,5.45397543041633
3,-0.0330456437675909,0.45701445960121,3.64336551308699
3,0.93349491123729,0.317459760624039,3.76574700801934
3,1.308329889117,-0.0687177930609603,4.7659455538337
3,-1.54776699827029,0.280070909738713,4.16754405824126
3,-0.503747483606445,-0.794921922005241,5.76827426495918
3,1.86373258471107,0.192710229947303,3.3288307203372
3,0.61501120432936,0.93763394487919,3.4820436140731
3,0.984813088734796,1.1412119621793,6.3173659697399
3,-0.65312482096559,0.0899593188751702,4.20348907671014
3,-0.131446963509517,1.44025503552172,5.46336324515063
3,2.56615523179878,0.0437208510442614,4.44614075008142
3,1.96173004115486,-0.387829902012045,3.69461167330204
3,0.312543012191727,0.248143974674251,4.55316189284599
3,1.40892022647807,-2.0378052616347,3.96822632150753
3,1.02730703249821,-1.82164772474051,4.1743434986808
3,1.19582129967427,0.310705793452303,3.37224157718707
3,0.439092531021338,0.395856765931267,5.94627959582561
3,1.43507155112317,1.66040571501023,5.9995780764124
3,1.78689756772345,0.235681934579404,5.29766525671145
3,-0.216204822307315,0.377628716371369,4.0273403220076
3,-0.29171826938141,0.232336885894548,4.91988061773133
3,1.27602462232636,-2.5531012785162,2.97725539715475
3,-0.618263299655866,0.72412018519662,4.52608862819384
3,1.32763340276594,-0.337291354896913,5.67581781705821
3,-1.76954773478887,0.656440333237203,3.34106072501786
3,-0.06334347711967,0.173429913481196,5.66599270433255
3,0.166886123865183,1.56895731728788,2.92985239934139
3,0.888781918954418,-0.841105683829536,3.3253596143202
3,0.370910929152769,-0.0176197767507816,4.71779845403807
3,0.0447708481336854,-0.844754234760637,5.0575568074938
3,-0.757861608744173,0.330491301022104,5.73219027359487
3,2.30613332640141,-0.0285777150431303,5.98706250772041
3,0.978283412825046,-0.937186217794121,5.25117670762587
3,0.309095554460283,-2.34739400009933,4.48259007150311
3,-0.881474719301153,-1.00295006711027,3.93385966274282
3,1.20586221461894,0.572006472231563,6.91946101414833
3,-1.36513035141843,-0.527629728607787,3.96006394063083
3,1.83153261488706,0.168431193049049,2.68689219791245
3,-1.50857976798188,-0.0385461942818721,6.27013861135374
3,0.272754614051869,-1.15437702922763,4.79472044295786
3,0.38376430866807,0.782787830964242,3.52167160988127
3,1.09660442776436,0.225543166421705,4.41993486220726
3,0.949329838426747,-1.59757409983116,5.05997487829627
3,0.448366594937022,1.29035722503737,4.70058123853344
3,-0.574750402844627,0.522710198442991,4.68600228237597
3,-0.867477166213281,-1.46470282037764,2.33366842299382
3,1.74679831183646,-2.03867453984895,3.06152262021328
3,1.32931493794444,2.06658059828145,3.46658476091604
3,0.256060133517747,-0.388409807212734,3.82026897554982
3,-1.65855616670281,-0.648892070722472,3.85234537052982
3,-2.69554489219769,-0.449883270146179,5.12300054315778
3,-1.73221115875267,1.53283487401052,5.34828273981375
3,-0.60481718535151,0.396384148624752,3.45273373459352
3,-1.27650156958412,0.419570886822437,5.80758460244712
3,0.734131366746467,-0.813055697706835,5.08133989056731
3,0.832156780461411,0.374227324079918,5.42007682390137
3,1.73228581829449,-0.945778621157797,4.38626141771218
3,0.165899447978155,0.567009576431103,2.38315567022657
3,-0.261857747281348,-0.873516992921516,4.14083014415583
3,-0.314342942088345,0.738092689990281,3.1204305691802
3,-1.8433562569595,-1.40069396720313,3.49389013052225
3,-0.682880093773012,-0.149909866704129,3.77392355071307
3,-0.173336145592349,-1.05531591740215,5.80012976549216
3,-0.316045768114149,-0.873797576153881,2.90294198671792
3,0.146223935447826,0.387465212982879,3.93362414071093
3,0.339427849408162,1.86352417035324,6.02168920202368
3,0.354667138174155,-0.098037880570428,4.5483827798553
3,1.01806397891914,-1.04575128247123,5.59381714316317
3,-0.807868028915046,1.21533818928431,4.33893717939205
3,1.64918215090258,-0.283679183722061,4.75322572122969
3,-0.39740626353225,0.458909372343522,3.44650005524452
3,1.40201962294171,-1.41077110446786,4.91396469437189
3,-0.116694919164265,0.35095022233783,6.86926877686689
3,-0.487580797413662,-0.0383769239355188,4.29513426644012
3,0.649343459357844,0.0411291300591776,5.1568021363608
3,0.0517613490117902,0.312670896327319,3.89051882474964
3,-0.53975898469089,-1.31593080485074,6.32234739712137
3,1.68404112740429,1.72348774834971,4.35480076010159
3,1.3273058473849,-0.0260782477953911,5.39673621683831
3,-0.0666282748653016,-1.27836013554659,4.11064632851584
3,2.80339122563139,-0.621582717480002,2.79647105157423
3,0.0149255504904001,-0.35502144215116,1.92978511870908
3,-1.3140067758902,-0.461787496369303,4.36864025676167
3,-0.46375921501352,1.88872293171995,4.66624851350544
3,-0.199411497717823,0.927226108257393,5.03698559004765
3,-1.42969335482795,0.184174703343163,5.6345004612403
3,-0.637708873493502,2.42755834858961,6.68511745864583
3,0.163268984660337,0.53034483840734,4.90747624300598
3,-0.607685621882403,-0.590193898494845,4.66701670922443
3,-0.514018281532631,-1.1834442863199,6.45318035610047
3,-1.4404200065202,0.671256063532764,4.36582590835508
3,1.96017806615805,1.44831901469997,4.48563186331831
3,-0.714564847324929,-0.500752360572391,3.63903690812443
3,-0.171132020846011,0.824552342552234,4.54158199604531
3,-0.739271792356011,0.739207093539998,5.21036481029743
3,-0.138736898230843,-0.470213482415636,5.01344150602338
3,-0.423034703486589,-1.23199774357233,3.65264667629064
3,0.275715284611334,-0.411519222041641,4.82840389211421
3,-0.255941801197747,-1.04977147521138,1.36754627993672
3,0.948837418000142,1.14809558539889,2.93895926469312
3,-1.90755609416596,0.0321324148162441,2.80856629395977
3,-1.20474893196133,-0.946299704741024,2.19579040730012
3,-0.496236763710292,-2.10075261853104,5.32967994572717
3,-0.17555063690241,0.448588676213535,3.96570300378838
3,-0.872305266318338,1.07166624461132,5.67605908529865
3,1.14383003427332,0.355732783769617,3.71183189045982
3,1.43810372761266,-0.43608380150163,4.68629136141507
3,-0.0146422717565889,-0.0404589807998108,3.06456318167102
3,0.397549032493539,0.435201528392315,5.67012270260912
3,1.25535514680869,0.526287020071993,2.84818133444421
3,-0.786749455364093,-0.927510941465056,4.41005843829936
3,-0.647431378672579,0.0969320981294988,4.33130985472631
3,-0.0929167367487767,0.94305034082792,5.03757580498995
3,-3.05707158781136,0.0535403829013785,4.91994146621759
3,0.518771860744899,-1.7259841493135,4.105256461993
3,1.47157193333809,0.0131758480344683,4.94984830884393
3,0.283138986218688,-2.9469514643722,3.80106491418491
3,0.463346140056797,0.557099919446974,3.50468606736667
3,1.29721736793321,-1.31501047127567,2.47348899116177
3,-0.193373302806769,0.206942866801361,4.63477880338603
3,-0.270800523772249,0.451940072806538,2.63665203014259
3,-0.292306555706718,-0.199821633334464,3.62064216802435
3,-0.173913438375196,-0.420216035266394,3.67762051769442
3,0.179038284721995,1.3032983487628,2.94116972371455
3,1.14277156766824,0.808718924696653,5.06152780292792
3,-0.102530857248042,-0.969759314867575,3.79218758575105
3,-0.0666995146725062,0.547168073328774,3.32879130221432
3,0.495481694610863,-0.186189303890853,4.15544214349208
3,0.541807436895792,-1.75601131266254,6.36479174251501
3,0.695367650754672,-0.243015860311371,7.78406837938601
3,0.355685069591037,-0.202510346450319,2.61412018324602
3,-0.806088535045967,1.85192374141955,3.1894681131644
3,0.243267382224386,-0.042339736259809,3.88928215737971
3,-1.10772320005614,-0.936534319119325,4.65561864472541
4,2.94768732010748,3.83922499137917,3.73511388309866
4,2.1773653089903,4.86024988913144,5.06141210399433
4,2.62505096594077,4.17485328836083,4.15518264703536
4,4.68627592242563,5.21574580137322,5.13316986453553
4,4.27408093769209,4.53614683558888,4.89285826275333
4,4.20279820579761,4.79901917143468,3.9050447334394
4,3.19323649543509,2.75144201244065,4.95725088311736
4,5.58871839186828,4.12178088533841,2.26589499274362
4,5.40283445775079,3.59092492507076,4.78813020595662
4,4.48394122951502,4.11775858759067,6.09225606380538
4,3.41739216658069,5.3024923652535,4.53777717000172
4,6.12940276172191,3.12857369063025,3.58750128844493
4,4.19332414855073,4.73470816963217,2.68396275388529
4,4.37078650065595,5.84511872489103,4.73032364553622
4,5.11179465095951,5.73410479279399,4.61612197252382
4,5.28419714188121,2.84422924453241,3.66109481314967
4,5.43730089918782,3.070434616763,3.00479948412194
4,3.88883190751341,4.53808814920026,2.6107855060052
4,5.11310313713239,3.54958406860119,5.97838881615512
4,4.95687147813926,4.33461772438054,5.29421365818444
4,4.56037233655358,4.78628396778111,2.97993468962061
4,3.19777405383916,3.28649947934935,4.47217579391553
4,3.41847499536311,3.91911615959176,4.08766262415674
4,3.43726088827119,3.59548187472015,3.83322575941819
4,3.88607703957941,3.8143666058102,2.1182357287586
4,4.40024929307579,4.52187660300713,5.2583985179132
4,3.63945472313599,4.3274027164856,4.82030462298106
4,3.84524116266342,5.55863320169673,5.49318626098758
4,4.19409361094366,4.81161768227741,4.53658616443826
4,5.11562111204944,6.04345223737049,4.60252737818108
4,3.5232003351607,4.63446755668914,3.88588300886477
4,5.17650176485006,5.304699549664,4.37504871682318
4,5.03266009056261,4.35166751792612,6.51173338599499
4,2.25415331451556,2.66059713277831,2.19910462522875
4,4.48536041410989,3.97920814114036,4.11801958554052
4,4.62515745514024,4.99150311248739,4.98563374312289
4,4.09079462145712,3.22053694598254,5.21841254504854
4,3.39497922014815,4.68737305092564,4.71888495050739
4,4.21974541653841,4.83589703640288,4.60428977966474
4,3.4664075095331,4.726543308951,6.1249976551953
4,3.29584916545946,4.77308577740291,5.4625869186321
4,2.74652677309668,2.95350844366739,5.65310955467449
4,7.14785822093163,4.10345298788017,4.07420447016395
4,3.17739109997228,4.40895475281768,4.48440155326273
4,4.45837702437888,2.76550400456568,4.61782572056092
4,5.3572028029851,4.40629725258113,2.20535096345972
4,3.05747216355524,4.11751223151472,2.03663016230074
4,5.66374310704814,3.61619537402372,4.86825085849557
4,4.1894985540901,4.46912556532778,4.46453569320592
4,3.87862284435328,5.64718405416192,3.53023574124869
4,3.07494110037718,3.19018455194504,5.3256989608797
4,3.47323546862565,4.0989769043268,4.6957560754795
4,4.73522811633386,4.38857660677519,4.1267224518527
4,4.37994503900015,2.91575708664552,4.88370965518452
4,3.48378333740669,3.52636525234503,4.90995980383034
4,5.08708489674463,3.0635291728084,4.45014380224195
4,3.87310951187967,4.77306560107074,2.99402757332955
4,3.03835031415413,3.90823613566861,3.30541900237443
4,2.99616947113812,5.13189251294648,3.73526127693719
4,4.00952126897138,4.91026261754944,3.97421543475321
4,4.0793211523079,5.08357404974023,4.05340869659304
4,5.44202968842234,3.21549069318538,2.81358548950408
4,3.68110982229312,3.11274289781205,3.9135879653879
4,4.31208911596674,2.85326170897881,3.12544300513939
4,2.08080146053398,4.07268769079099,5.76164345496538
4,5.39285075018156,4.20690754144253,5.86526724552975
4,3.38140616705715,4.76272792368259,1.59756197185611
4,5.19796182215528,4.00078054018728,3.71152526046838
4,6.73320944994746,5.42747525076739,4.05317339826604
4,4.58035610796013,4.85107337510781,4.59998914040801
4,2.89325919692501,3.71711229174834,4.48113826891333
4,5.4121094837482,4.39101428979323,3.79641859788872
4,4.48208733937912,3.70200528211217,3.32881470228719
4,2.9385756109145,4.53930722421917,4.83667731846395
4,6.11143538615512,5.7870386071777,4.30943788083721
4,1.58017153432648,4.84075110959553,3.28412688571699
4,3.9593694339973,4.12558331887112,5.68531190632334
4,2.90701636275496,3.48657457535306,7.00430081772177
4,3.86548856029663,4.56801642214627,3.20112506881976
4,3.68548198253575,3.11197965386723,4.90664503281755
4,4.60567066870903,5.84141408571955,5.09825830028168
4,5.07856050469259,5.07442661410534,3.73779855121162
4,2.3833935048187,7.0045872502454,2.94160892283494
4,4.17464962122171,4.26933042764135,3.73501642923732
4,5.07131517212049,4.58404363613364,3.32095233081169
4,4.00949608406531,4.76554401446703,5.72239694461341
4,2.28244582748849,3.40415318584784,3.76335143671685
4,7.04221090911803,3.45844625434163,4.06188517695954
4,6.36387288478561,4.26159883050134,6.27969415312617
4,3.63090380153222,3.3783599600501,3.76834625943512
4,3.95949660371375,5.00900497793772,5.92857001797073
4,4.64084545578665,3.85321706911584,3.70215841822377
4,1.75334327041808,1.93316721716795,4.12905234426239
4,4.92732012694441,3.24697394841943,4.14354190221104
4,5.03956434683043,4.1329250450022,5.40273469586484
4,1.79111534978156,2.45874071576101,4.98567016980927
4,3.68166194671774,4.18259911078131,3.60175322705463
4,3.66887470275907,3.02888203490625,3.30192341685322
4,3.95989943737455,6.63257829354128,3.04011179152587
4,3.66919718075671,5.28978878660673,2.27491475750085
4,3.07732392751672,2.26946061935425,5.89510780024283
4,3.88891588486842,3.83861419537016,3.8170460000723
4,3.92799662178345,4.59246609657588,4.03611339781266
4,5.02319744634672,4.25674511874228,3.95689523106895
4,4.71649455916794,4.80499972938493,5.26548471774442
4,5.60560300578786,3.20395675724308,2.67847504415741
4,3.47689678947626,5.52170398679575,5.02157228775249
4,5.39515524132672,4.72680897491144,5.43875069630235
4,2.69147456178362,6.27713940940142,4.50374118023876
4,3.92982113637822,4.53520562130602,3.12331998977817
4,3.04269614206734,4.21380762086731,5.1456730419361
4,5.39985302073126,2.85002020677804,4.3931572890737
4,6.38191974826238,5.00064646354858,3.28041140721681
4,4.84855432724457,3.33629478092008,3.42607490146379
4,2.9611831074737,5.36166950168574,6.15408813516946
4,3.74689559252182,4.49273204229584,3.25553100454144
4,4.65108386127143,5.77833875552616,4.75289048028862
4,5.42306110564468,4.24136230540642,5.23156437572223
4,5.20807826919087,4.55451991803353,4.54395207584832
4,4.15174116920909,4.86674823640424,4.33185374295325
4,4.37395785995955,3.6281575534309,4.89080695007203
4,4.96572363755171,5.49366888945364,4.03982179773013
4,3.48049142201754,4.04883991458338,4.69725704326014
4,3.91391067605694,4.66046434533947,6.77905350474571
4,6.81510975548979,2.66722266471602,4.67550216658303
4,2.93052991576245,4.77471594260998,3.96396442664896
4,3.60579656407495,5.03621548449214,5.24063637303946
4,4.26401032665457,4.14084088819635,4.7774600842289
4,5.02828552125489,3.91775544887136,2.51047425409062
4,4.7596432620508,5.13105840583924,4.42503196006341
4,2.34351137318823,3.93069423724432,4.38364303070985
4,5.45229334501419,4.0258849129779,2.70591270856418
4,3.98225571750652,2.87670068649087,4.45998083139103
4,2.94377055788988,5.84518526512171,4.98075807320343
4,4.0098616724813,3.78762743940353,4.38985366187341
4,3.86673765787531,5.08310559241419,3.62002426166845
4,4.35198102254305,4.85120530417604,4.82045998684027
4,4.79039739414516,4.08949958376644,3.66993187258014
4,4.33679909586178,5.34029789298186,2.53189527500153
4,5.03869239496746,3.45811266024632,4.15113327956243
4,4.22230318998926,3.99099293323788,3.66514859872707
4,5.37409250817305,3.7615775859648,3.31691780328324
4,5.05161209335077,2.56827605960908,5.04147777228323
4,3.70055192867668,3.89569806983861,3.56945468956428
4,3.89540584759947,2.53128726541158,3.92010844938867
4,1.99865549598622,2.80259820827642,4.6211022809279
4,2.97890498099848,4.01630609651708,4.84364342436191
4,3.34374018856454,6.34922561089614,2.63920365386977
4,3.89999505828328,5.29101007342699,3.82314621883951
4,5.52729162361589,5.7283003297116,6.19838474267889
4,4.49859548139833,4.57494361359178,5.26446478123564
4,5.11000632927841,3.2877553067687,4.76695187451158
4,2.52328995580833,3.41099145456058,4.68655606366142
4,4.44404603134934,3.03454550010942,3.64554244603518
4,4.16359634374096,4.21382302926782,5.45642610721925
4,2.47265856583225,3.85481647831008,4.28214809830142
4,1.98364391168545,4.00653527496417,6.22143395051191
4,4.10735762602826,3.18949042655618,7.1043014922134
4,4.5433152212553,3.51639596165565,4.01464892511264
4,5.15684498687987,4.35854796843582,4.82570312696521
4,3.1590989214906,3.52788077877289,3.77179093197689
4,6.18838840756484,4.5748430698643,2.8473289239093
4,4.49356372969648,3.95909309421238,6.41809525218823
4,4.88980143466938,4.33930328033578,5.40371906295677
4,4.49545583934943,5.06236697276655,3.70387809309015
4,3.56269320871951,2.76378178667522,4.71537657318881
4,3.58906484718878,4.46962427365601,2.41152250212488
4,2.46301147503538,3.25992674554387,3.64057404096902
4,3.65279051302571,5.33098451714628,5.23324415711124
4,4.87975525771325,6.37799002713241,2.47471793394958
4,4.49921738870967,5.01652391285442,4.83701475998245
4,5.3571147116346,2.50309348161187,4.58190236662138
4,3.78034949759852,3.23643485868497,4.11591395993515
4,3.36480623275088,2.63365319380521,3.71041957845981
4,6.33316881634122,5.70467438750072,3.6106223013182
4,2.21230053118916,2.392362420429,4.13366488136698
4,5.05686102765292,3.24328925847084,2.16812187886889
4,3.77681333141802,2.42230581548058,4.27419182412738
4,4.60394607249849,5.86521764485774,4.12488916704776
4,2.65833279666585,3.59476698788411,4.64320803771384
4,4.79808215316849,5.01833105927676,3.1959570090477
4,3.07690035902336,3.19486228252925,3.08465712394194
4,4.05847806082077,3.92049113285035,3.65483644899047
4,4.06547667012856,3.63099229909169,3.67192806919915
4,3.9769861404027,4.63634769408332,4.95490790148939
4,5.35541030413764,4.39232082530724,4.01843984409395
4,4.38998096945756,3.10348101697962,4.27988367140186
4,4.46168400510477,5.69414166152228,4.82635098094653
4,4.64030851281674,3.37103201316372,3.79409652506799
4,4.38723467105054,3.22446968173144,4.54308039640109
4,5.57293962085257,3.87987458034682,3.77073361494155
4,4.25055938667003,4.73340748095259,5.6430903968593
4,4.50245151438388,4.55918681464653,4.26413607133791
4,3.66686636526622,4.01368443836353,3.78776497053255
4,3.48046002883372,4.27863277541401,5.08039789479076
4,4.62818233464947,4.99657899606588,5.07313237711628
4,4.02552322250051,5.96036625762193,2.30108924803291
4,3.95447557033127,4.29688384362528,3.41202369330031
4,5.32564768406247,5.79423129786966,4.4527427893618
4,3.71467037162217,5.40283258239666,4.68655273107093
4,2.10834078544082,5.09854051161755,3.95806619005246
4,6.86379849729434,3.92949127178308,5.17838733228194
4,3.59874843355271,3.97661897080444,4.51794720726769
4,3.30321953959372,2.61941334365555,1.61712145553109
4,2.98851591018069,3.3445471777642,4.96499298213664
4,3.53083095676204,3.669805168803,3.41444839484087
4,4.4380704998618,4.95292538495293,4.81260077221539
4,3.30862627353728,3.18293380577299,4.24998238853584
4,2.56610159549868,1.3999761261078,5.20585140221286
4,4.19295743318755,4.38919093747143,1.7314211956462
4,4.20950128483986,4.33515551146744,3.93451247236406
4,4.64437095307851,6.57917145413171,3.55786136780634
4,3.71897627390521,6.15951952379487,3.96234637653193
4,3.92830672967452,3.94797221928307,5.55626293014259
4,3.29911769142253,3.88466817171537,3.33121433497467
4,3.53975504635903,4.539658755483,4.98959158937945
4,4.73516514427971,3.58836117750054,2.94760892837603
4,5.283449236233,5.11707008779863,4.80789338779528
4,3.57589916658841,3.35296682623232,4.00719121957359
4,4.05454489772099,5.74253592478654,4.35180064275645
4,4.84041441620837,4.48854909260122,4.67410194870718
4,4.22642080504096,5.93992763628516,5.42301285132008
4,4.51633769527922,2.77457682240539,5.22391241112283
4,4.0012787789428,4.39309257553862,3.20729952981531
4,5.51212417528184,5.80119899338537,2.70156858014258
4,4.8834665274858,3.40295585600026,4.35672199601521
4,2.82903725849514,3.27965756186031,4.11267551021845
4,3.18862548259625,3.82001099604241,4.15335836886821
4,3.9071823609658,5.17926620243092,3.31670953873426
4,5.50863211105356,3.50304089584104,4.29516409486039
4,3.74561381794063,5.1068978386681,2.97211679815455
4,5.2596438327511,6.03062956427031,6.55711404972417
4,3.5193714798172,5.26713881471917,4.43561615410914
4,5.19593281127459,5.03219415713801,3.80880728364212
4,5.93035086887575,5.31077715922191,4.7512835220539
4,3.65003099143125,3.29465047814833,4.48097485623026
4,4.07620201253906,2.71066032329711,5.03492015506483
4,5.7728596482709,3.73769683107909,4.17598727119474
4,5.09985404470652,4.86014247657531,2.92575430380426
4,2.88912178611827,4.34031880302959,4.41406939884571
4,3.09694055685324,4.75408048482999,4.46573092300381
4,4.65117946520421,6.13497807179881,4.24073348891532
4,4.01474461838718,5.10524544903774,4.16793568003349
4,4.75217157239005,5.72205874416542,2.42108007944763
4,4.35574757587642,3.24059702988021,4.34648568760937
4,3.05249479559495,2.50458766111085,4.18647996748961
4,5.03597398419289,2.89723272730493,3.58479800660698
4,4.56025825665508,2.69927654509842,4.26953377263338
4,4.72441537841438,3.91289035928944,4.08710533267542
4,3.88134815234927,2.78041774323422,5.56936095851284
4,5.1563425701949,4.98530736468238,5.42032830453116
4,3.21554606023308,3.47443904373432,3.70267845567476
4,4.24599467979687,4.30656103504797,4.41870175842465
4,4.76606751044075,5.12438790110233,4.79322021204394
4,4.65811866695555,3.85974854200377,4.54783666183132
4,3.43770038504598,4.66465726978205,4.24073958901757
4,5.06859470401785,5.32465960820492,3.20702900551173
4,2.10453911525649,4.71790458669281,3.48680568162166
4,4.08713516664316,4.0313166936739,4.90488903720942
4,3.72542274303439,3.83825207952457,3.76614133631042
4,3.48423699540498,5.45799097762857,3.57048167907153
4,4.39470847288915,6.05036086362125,3.37922529534182
4,3.82251858279801,5.46948011811194,3.5614556336562
4,1.88542404128913,4.69619424252337,2.38972046396571
4,4.71613884905138,4.94427320957348,3.63532830223649
4,4.03138907008048,4.58056647598729,4.44242439562549
4,5.23222506145448,4.4407315622348,3.68955307276721
4,2.60388014670081,2.58945962774796,3.78873285039148
4,4.04488528552042,3.6740592556027,4.24321276603921
4,4.92225235214651,4.52601376134571,5.9498446580909
4,4.25949548051428,5.25010998416083,3.90856181999468
4,4.62992170396502,3.23194814792738,4.20769092601128
4,4.58181083304896,3.81345252002532,5.1327475408718
4,5.31677145094485,2.71005952340072,4.70367407653
4,4.09842567601207,2.43027882005159,6.05659896417025
4,4.95820832559374,5.76923015974074,4.03842348726314
4,5.19124311601485,3.27549956945844,6.27985385271135
4,4.60486884550214,5.31481631583153,3.60601922054516
4,3.78668781346861,3.90184595673645,4.94291784628847
4,2.98494973454225,5.06209614519195,4.03974077907829
4,2.78384568159558,3.48848955815087,5.25728244143992
4,5.83189716105093,2.98914626106391,3.24061988759864
4,3.87541103995081,5.24311298014136,2.38754445530684
4,5.16895881033945,3.35104022984711,3.52583624621343
4,4.22475973250173,5.1953379909967,5.98685697669497
4,3.8696926789795,3.90148872105506,4.82463290856656
4,4.11082336631773,3.59554285421821,4.63085733741251
4,5.29536195964037,2.6041700842105,5.08749038284542
4,5.72498646505133,5.02821069710127,5.86576403615367
4,5.25656030373391,5.3698493986818,3.7719824968483
4,5.79873470978082,4.1211243214261,2.54717767576992
4,2.82056018020526,2.96224917908337,4.54583614738677
4,3.31485791791437,3.85273228096809,3.86745046182812
4,3.36126433088924,3.68534727400095,5.41221314439628
4,3.76945692673476,4.40672332619583,3.512922076639
4,4.81185553292808,3.82929340904064,3.69485871460232
4,3.61005869874741,3.57607898947087,4.55515426450803
4,4.70134642637216,5.4523984911302,5.68537466946685
4,3.50944287908768,3.87231780805296,2.91050797818524
4,4.27171116160771,3.51680814128848,5.63661598654941
4,2.3816629310358,4.78821167768566,4.71277674048535
4,3.42213065043491,4.0211940585804,5.03927972822455
4,4.83867822554343,5.2267568752261,4.46394380101226
4,4.09444757301107,4.11465024978963,4.45490224108615
4,4.29776000991144,4.93249596252873,4.77835076601561
4,4.05743642916193,2.76606339750712,4.50905072703711
4,4.72921387099675,3.64528710422817,5.24537180169464
4,3.37454273614224,3.55190616152659,1.91295571543631
4,2.70915413353038,5.45589220281398,5.99855390113135
4,4.1466857828297,5.19104475401444,4.6243753658785
4,4.70628254059767,4.38862919922305,3.05798133775111
4,3.49834956204219,4.04289685434585,4.80156975885671
4,5.45479297044951,4.46054474104466,3.23422082116578
4,3.39519805367244,4.25673585710872,2.97588484960665
4,3.2484606772027,3.84533837082573,5.04768890766105
4,4.01323022145882,3.64284854966822,4.36667409654412
4,4.60995750101679,3.13023948207617,4.0876657868623
4,5.13356637567755,3.50647360748727,2.41669202172542
4,4.9711977411697,4.04893120934091,3.02131544330229
4,4.68819471410066,5.39610263754338,3.6349664988233
4,5.25469120735987,4.95506097684331,5.14480360424759
4,2.75565431655734,2.56878110154256,4.53884293191927
4,5.4593130909255,6.10781211931331,5.27342603602668
4,5.8947244584435,4.77029427475834,3.10954124324229
4,4.89396830203282,3.72232414365193,4.41603951489699
4,3.59974242370168,2.80999994216101,4.3830023708035
4,4.35365100711368,4.26460894597007,6.07651330595586
4,6.39786555227267,4.56350612348236,5.67278870165527
4,4.73915774538561,3.11270727216742,4.4901792218539
4,6.41511568750721,3.86109092856249,4.20908707676975
4,5.02891970381453,4.86222365165434,5.75505470591047
4,4.84041659828593,4.47755413752687,3.92914488716605
4,3.88474380370431,4.96170525324434,4.86162784865314
4,4.93644057805794,5.07938874756582,3.85588623560081
4,4.2343030010142,4.22044908616355,4.88770415195648
4,2.81840855373231,6.08699181086727,3.34818109054754
4,5.3874614406258,4.61410972541459,4.52708168426168
4,2.84539741382412,2.69607752561994,3.71017526222569
4,3.32457046681416,5.02704777215795,4.10386291868937
4,6.48134388203865,4.05024196802758,3.07491402387499
4,5.06921803221838,4.61911911580739,5.01901034741624
4,5.84418568699966,4.53000656702048,4.1047273219711
4,2.57321384009082,5.51982040235811,3.4615703944009
4,5.2684310067259,4.30830478500382,3.23134345101532
4,2.54751949357538,4.24697025937672,3.69593024120555
4,4.24810615009282,4.67332912933291,3.95757443994601
4,4.17398413048744,4.39544963255002,4.34150052517635
4,5.5690912075048,4.52018710072915,4.43496069443022
4,2.88529468799367,4.33125288177177,5.42726993575443
4,4.0251222113509,4.57716644321532,4.1768654102869
4,4.15461961620751,5.590656255376,3.13297001469195
4,3.51650976498704,3.68030776594401,4.92291704051708
4,4.491217696549,4.65937292914137,6.33412101981409
4,4.23278981131977,3.69856232533212,4.93779535615152
4,4.82486831545402,3.10761965124244,4.49204633110296
4,5.85016939456903,4.01341772703413,3.3971912246654
4,2.93147533318307,6.39659625338967,5.32847351217278
4,3.8959171725993,4.94582101910529,2.83907346894596
4,4.07155772975867,4.13042834593892,4.22251216020979
4,4.78658219857995,4.48253665817075,3.9219361237701
4,4.3302562806451,3.26991567911797,4.50801328727644
4,3.9714986520381,3.56567525431557,5.14401095941572
4,4.52697788660228,4.68131515818725,6.17935610361394
4,3.92372849185689,3.17111464486084,4.67909340720512
4,5.12195275173,3.35845162178137,5.8185854720708
4,4.95339484556863,3.8252333008095,5.17667241569889
4,5.36429612427147,4.53292767265225,4.73046004599862
4,4.69760412645413,4.64327637407665,5.11861548261406
4,4.15584054923627,5.08865522823622,3.46840761819244
4,4.92958241852622,4.18955806834246,5.61964229349286
4,3.2594333779465,3.91256822999505,3.93147448455597
4,4.53378975971457,4.29515427450096,5.47979725897431
4,6.95666716363691,2.71989191725732,4.50792323894345
4,3.74786325220904,3.34013830184182,4.25181379055877
4,2.07534198808175,3.65647988622108,4.48288239328669
4,2.61307339853367,6.30194264882391,3.52596126643399
4,5.77729912663823,4.17675720339812,3.98044965982089
4,3.64274621635406,1.50347425015608,4.80423889473588
4,3.03137805045353,3.44791694472831,4.88979202778752
4,2.12311644271362,3.64444812924281,2.71078547144124
4,3.91004489316338,5.37099394660703,4.18537688616098
4,5.02313790826905,5.18384571522785,2.55098339763266
4,4.07639576086035,3.60838540507343,6.20399694508097
4,4.81699764649937,1.98372152539717,5.06940751314114
4,4.52643707802515,4.63983275534549,3.62249434406007
4,5.41534151621603,4.15642479379832,2.95177000589349
4,5.91200360979405,4.74290773055026,4.46071980798637
4,2.95584969106855,4.51457647192925,5.13643195439977
4,3.80010742178461,4.95619654753102,3.4787779664346
4,3.44964096464639,4.11018516286543,4.11707491014955
4,6.28390542054075,5.77225538587885,3.91420022409271
4,5.22231605335176,3.92675578561055,4.15726488034255
4,4.06908713147374,5.4487977769731,5.05693366921673
4,5.51172203439942,3.00673485480545,4.6935380471934
4,2.00874270520925,3.65333530053141,3.66908482096989
4,4.23510251544219,4.73792160534966,2.91874473472708
4,4.02453754294866,6.42400247417994,3.70379060455586
4,3.44999549493399,3.89497947813352,4.28941416962663
4,3.24476066490481,4.65340887415585,3.34415627317724
4,5.68426052953881,4.16660813711269,5.68266809821993
